"ID","Description","GeneRatio","BgRatio","RichFactor","FoldEnrichment","zScore","pvalue","p.adjust","qvalue","geneID","Count"
"GO:0002181","cytoplasmic translation","79/1545","208/18860",0.379807692307692,4.63635797859099,15.7524430703033,3.76619664154844e-33,2.11923885019931e-29,1.82680359202686e-29,"RPL13A/RPS3A/RPLP1/RPS8/RPL26/RPL13/RPS18/RPS28/RPS21/RPLP0/RPL10A/RPS17/RPLP2/RPS15/RPL3/RPL37/RPL35/EEF2/RPS19/RPL30/RPL21/RPS5/RPL39/RPL18A/RPL32/RPS7/RPL15/RPS14/RPL36A/RPL4/RPL34/RPL8/RPL9/RPL27/RPL10/RPL31/RPL36/FAU/RPS15A/RPL17/RPL7A/RPL7/RPS27/AKT1/RPL38/RPL41/RPL37A/RPL23A/RPL18/RPS29/RPS2/RPS24/RPS12/GTPBP1/RPS13/RPL19/RPL27A/RPL6/RPS6/EEF1D/RPS9/RPS16/RPS10/RPSA/EIF4H/RPS20/RPL24/RACK1/RPS27A/PLXNB2/RPL12/UBA52/RBM24/HNRNPU/RPL35A/RPS25/EIF3F/UBR4/PARP16",79
"GO:0051607","defense response to virus","88/1545","334/18860",0.263473053892216,3.21624711741565,12.2071115010112,1.36824368699312e-23,3.84955361335513e-20,3.31835100508646e-20,"IFIT1/CXCL10/OAS3/IFIT3/GBP1/IFIT2/OAS2/ZNFX1/IFI44L/DDX60/MX1/EIF2AK2/DTX3L/MX2/DDX60L/IFIT5/RSAD2/IFI16/CXCL9/USP18/PARP9/OASL/HERC5/TRIM22/IFITM3/STAT1/TRIM38/GBP5/IFITM1/TRIM5/OAS1/PLSCR1/PML/CASP1/IFI6/IRF7/TRIM21/MICA/NT5C3A/GBP2/MICB/AIM2/APOBEC3F/ABCC9/TLR8/RTP4/ATG12/IRF9/LILRB1/ISG20/BPIFA1/ZC3HAV1/MLKL/IRF1/STAT2/ATG7/PTPRC/TRIM28/UNC13D/UNC93B1/TLR3/TLR2/MOV10/RPSA/TRIM6/IRF2/SPN/PLA2G10/PRF1/TRIM8/AKAP1/LYST/APOBEC3A/TRIM25/ATAD3A/CARD8/NLRC5/TRIM34/IFIH1/CD37/IL15/PPM1B/TLR7/TANK/ISG15/UFL1/RNASEL/ELMOD2",88
"GO:0009615","response to virus","103/1545","445/18860",0.231460674157303,2.82546816479401,11.6407438155153,1.11723870303907e-22,2.09556739400028e-19,1.80639857670317e-19,"IFIT1/CXCL10/OAS3/IFIT3/GBP1/IFIT2/OAS2/ZNFX1/IFI44L/DDX60/IFI44/MX1/EIF2AK2/DTX3L/MX2/DDX60L/IFIT5/RSAD2/IFI16/CXCL9/USP18/PARP9/OASL/HERC5/TRIM22/IFITM3/STAT1/TRIM38/GBP5/IFITM1/TRIM5/OAS1/PLSCR1/PML/CASP1/IFI6/IRF7/TRIM21/MICA/CLU/NT5C3A/TPT1/GBP2/MICB/AIM2/RPS15A/APOBEC3F/ABCC9/TLR8/RTP4/ATG12/IRF9/LILRB1/ISG20/CCL4/BPIFA1/ZC3HAV1/MLKL/IRF1/STAT2/NMI/ATG7/PTPRC/TRIM28/UNC13D/UNC93B1/TLR3/TLR2/MOV10/RPSA/TRIM6/NLRP3/EEF1G/CCL8/LGALS9/IRF2/SPN/PLA2G10/PRF1/TRIM8/HIF1A/AKAP1/LYST/APOBEC3A/TRIM25/ATAD3A/JAK2/CARD8/NLRC5/CCL5/TRIM34/IFIH1/CD37/CXCR4/IL15/PPM1B/TLR7/WDFY4/TANK/ISG15/UFL1/RNASEL/ELMOD2",103
"GO:0045071","negative regulation of viral genome replication","26/1545","50/18860",0.52,6.34770226537217,11.3101964506151,8.06241032518067e-16,1.13417957249479e-12,9.7767333627454e-13,"IFIT1/OAS3/OAS2/ZNFX1/MX1/EIF2AK2/IFIT5/RSAD2/IFI16/OASL/IFITM3/IFITM1/OAS1/SLPI/PLSCR1/N4BP1/APOBEC3F/ISG20/ZC3HAV1/TRIM28/TRIM6/APOBEC3A/CCL5/IFIH1/ISG15/RNASEL",26
"GO:0048525","negative regulation of viral process","31/1545","76/18860",0.407894736842105,4.97921989439618,10.3830039628101,7.819858765173e-15,8.80046905432569e-12,7.58608614524572e-12,"IFIT1/OAS3/OAS2/ZNFX1/MX1/EIF2AK2/IFIT5/RSAD2/IFI16/OASL/IFITM3/STAT1/IFITM1/OAS1/SP100/SLPI/PLSCR1/N4BP1/TRIM21/APOBEC3F/ISG20/ZC3HAV1/TRIM28/TRIM6/PPIA/TRIM8/APOBEC3A/CCL5/IFIH1/ISG15/RNASEL",31
"GO:1903900","regulation of viral life cycle","37/1545","115/18860",0.321739130434783,3.92750809061489,9.40625235435938,1.39860236983759e-13,1.31165592251269e-10,1.13065960003713e-10,"IFIT1/OAS3/OAS2/ZNFX1/MX1/EIF2AK2/IFIT5/RSAD2/IFI16/OASL/IFITM3/TRIM38/IFITM1/TRIM5/OAS1/SLPI/LAMP3/PLSCR1/N4BP1/BSG/TRIM21/APOBEC3F/ISG20/P4HB/ZC3HAV1/TRIM28/TRIM6/PPIA/LGALS9/TMPRSS2/APOBEC3A/TRIM25/CCL5/IFIH1/ISG15/CD4/RNASEL",37
"GO:0050792","regulation of viral process","41/1545","141/18860",0.290780141843972,3.5495880098235,9.07717203428981,3.10488821172275e-13,2.49588656676627e-10,2.15147742550653e-10,"IFIT1/OAS3/OAS2/ZNFX1/MX1/EIF2AK2/IFIT5/RSAD2/IFI16/OASL/IFITM3/STAT1/TRIM38/IFITM1/TRIM5/OAS1/SP100/SLPI/LAMP3/PLSCR1/N4BP1/BSG/TRIM21/APOBEC3F/ATG12/ISG20/P4HB/ZC3HAV1/TRIM28/TRIM6/PPIA/LGALS9/TRIM8/TMPRSS2/APOBEC3A/TRIM25/CCL5/IFIH1/ISG15/CD4/RNASEL",41
"GO:0016032","viral process","76/1545","396/18860",0.191919191919192,2.34278055637279,8.06681440973371,1.75854534926832e-12,1.23691683504161e-09,1.0662338117669e-09,"IFIT1/OAS3/SIGLEC1/OAS2/ZNFX1/PCSK5/MX1/EIF2AK2/IFIT5/RSAD2/IFI16/PARP9/OASL/OAZ1/IFITM3/STAT1/TRIM38/GBP5/IFITM1/TRIM5/OAS1/SP100/SLPI/LAMP3/PLSCR1/N4BP1/CCL2/IRF7/BSG/TRIM21/GBP2/APOBEC3F/CTSB/DAG1/ATG12/ACE2/SELPLG/ISG20/CD86/P4HB/ZC3HAV1/CCR5/MGAT4C/SIVA1/JUN/SLC20A2/TRIM28/RPSA/TRIM6/SLC1A5/CD81/PPIA/INSR/CCL8/LGALS9/CD55/CTSL/ST3GAL2/ST6GALNAC2/TRIM8/TMPRSS2/EPHA2/APOBEC3A/TRIM25/CCL5/CBL/IFIH1/CD80/CXCR4/EIF3F/ATP7B/PARP16/ISG15/CD4/RNASEL/NEDD4",76
"GO:0019058","viral life cycle","62/1545","298/18860",0.208053691275168,2.53973632197389,8.0030296676746,5.77283325017706e-12,3.60930363319404e-09,3.11125328851648e-09,"IFIT1/OAS3/SIGLEC1/OAS2/ZNFX1/PCSK5/MX1/EIF2AK2/IFIT5/RSAD2/IFI16/OASL/IFITM3/TRIM38/GBP5/IFITM1/TRIM5/OAS1/SLPI/LAMP3/PLSCR1/N4BP1/CCL2/BSG/TRIM21/GBP2/APOBEC3F/CTSB/DAG1/ACE2/SELPLG/ISG20/CD86/P4HB/ZC3HAV1/CCR5/SIVA1/SLC20A2/TRIM28/RPSA/TRIM6/SLC1A5/CD81/PPIA/INSR/CCL8/LGALS9/CD55/CTSL/TMPRSS2/EPHA2/APOBEC3A/TRIM25/CCL5/CBL/IFIH1/CD80/CXCR4/ISG15/CD4/RNASEL/NEDD4",62
"GO:0045069","regulation of viral genome replication","28/1545","80/18860",0.35,4.27249190938511,8.76169447931794,1.30300624494595e-11,7.33201614031087e-09,6.32026608074836e-09,"IFIT1/OAS3/OAS2/ZNFX1/MX1/EIF2AK2/IFIT5/RSAD2/IFI16/OASL/IFITM3/TRIM38/IFITM1/OAS1/SLPI/PLSCR1/N4BP1/APOBEC3F/ISG20/ZC3HAV1/TRIM28/TRIM6/PPIA/APOBEC3A/CCL5/IFIH1/ISG15/RNASEL",28
"GO:0002768","immune response-regulating cell surface receptor signaling pathway","71/1545","385/18860",0.184415584415584,2.25118312108603,7.40920041499242,6.44428764660382e-11,3.29654605340361e-08,2.84165334694262e-08,"GBP1/OAS1/ELF1/PIGR/EZR/C3AR1/PLSCR1/CMKLR1/CLEC4E/LILRB4/CREBBP/LCP2/MICB/LGALS3/FPR3/FYB1/FCGR3A/PRAM1/TLR1/BTN3A1/CLEC7A/LILRB1/NFAM1/AKT1/PIK3AP1/FCER1G/ICOSLG/NR4A3/EP300/WDFY1/SIVA1/CEACAM1/MNDA/PRKCH/NMI/PTPRC/IGHA1/TLR2/FFAR2/ECSIT/IGHA2/KLRD1/NFKBID/TLR6/CD81/IGHG3/IGHM/IGHG4/CD226/IGKC/PHPT1/CD53/PRKCQ/NCKAP1L/TRAC/FYN/PDE4B/TRGC1/IFI35/PDE4D/LYN/INPP5D/UBASH3A/THEMIS2/THEMIS/STAP1/FCGR2A/MAP2K4/BTN3A3/BTN2A2/TXK",71
"GO:0007249","canonical NF-kappaB signal transduction","65/1545","359/18860",0.181058495821727,2.21020273863933,6.91544415067055,9.10293124056081e-10,4.26851617421964e-07,3.67950062776353e-07,"IFIT5/TRIM22/STAT1/TRIM38/TRIM5/CASP1/CCR1/APOL3/TRIM21/CARD16/LILRB4/CREBBP/TMEM106A/CFLAR/S100A13/TNFSF10/TLR8/KLF4/TNFSF14/CLEC7A/CASP10/EP300/AKAP13/ZC3HAV1/JMJD8/SIVA1/USP15/FASLG/CHRNA7/PLEKHG5/TNFSF15/TLR3/TRAF1/TLR2/NOD2/RHOH/TLR6/MIER1/TNFRSF19/INSR/LGALS9/PPP2CB/NOD1/REL/C15orf39/BIRC3/GSTP1/TRIM8/S100A4/CX3CR1/CASP7/TRIM25/CARD8/CARD14/TRAF7/CASP8/ECM1/TRADD/PPM1B/TLR7/TANK/LITAF/CD4/UFL1/TRAF4",65
"GO:0071887","leukocyte apoptotic process","33/1545","125/18860",0.264,3.22267961165049,7.44761722619004,1.01978778817023e-09,4.4141122184876e-07,3.80500577156957e-07,"CD274/IDO1/IRF7/P2RX7/DOCK8/LGALS3/LILRB1/AKT1/FCER1G/NR4A3/PLEKHO2/CCR5/MIF/SIVA1/FASLG/HSH2D/NOD2/PERP/STAT5A/LGALS9/EFNA1/IL2RA/CTSL/HCLS1/HIF1A/CASP7/PRKCQ/GLI3/SELENOS/ORMDL3/CCL5/FAS/LYN",33
"GO:0002429","immune response-activating cell surface receptor signaling pathway","64/1545","353/18860",0.181303116147309,2.21318884824482,6.87321729102775,1.15881957591094e-09,4.65762696689346e-07,4.01491774872e-07,"GBP1/OAS1/ELF1/EZR/C3AR1/PLSCR1/CMKLR1/LILRB4/CREBBP/LCP2/MICB/LGALS3/FPR3/FYB1/PRAM1/TLR1/BTN3A1/CLEC7A/NFAM1/AKT1/PIK3AP1/FCER1G/ICOSLG/NR4A3/EP300/WDFY1/SIVA1/CEACAM1/MNDA/PRKCH/NMI/PTPRC/IGHA1/TLR2/FFAR2/ECSIT/IGHA2/KLRD1/NFKBID/TLR6/CD81/IGHG3/IGHM/IGHG4/CD226/IGKC/PHPT1/CD53/NCKAP1L/TRAC/FYN/PDE4B/TRGC1/IFI35/PDE4D/LYN/INPP5D/UBASH3A/THEMIS2/THEMIS/STAP1/BTN3A3/BTN2A2/TXK",64
"GO:0045089","positive regulation of innate immune response","73/1545","432/18860",0.168981481481481,2.06277717847297,6.67509292307724,2.03405372808229e-09,7.47410962718271e-07,6.4427519875147e-07,"OAS3/ZNFX1/CD274/DDX60/EIF2AK2/RSAD2/IFI16/PARP9/OASL/GBP5/TRIM5/OAS1/LRCH4/PLSCR1/CASP4/HAVCR2/CASP1/CLEC4E/RPS19/IRF7/TRIM3/CREBBP/P2RX7/GBP2/AIM2/TLR8/TLR1/CLEC7A/AKT1/PIK3AP1/EP300/ZC3HAV1/WDFY1/CD300LF/IRF1/NAIP/NOP53/MNDA/USP15/NMI/UNC93B1/TLR3/TLR2/TRIM6/FFAR2/NOD2/ECSIT/NLRP3/KLRD1/TLR6/STAT5A/TRAF3IP3/NOD1/CD226/BIRC3/RICTOR/MED1/TRIM25/FYN/TKFC/CARD8/NLRC5/CCL5/FRK/IFI35/IFIH1/LYN/MAP2K6/TLR7/ABHD17A/MEFV/UFL1/TXK",73
"GO:0050777","negative regulation of immune response","47/1545","226/18860",0.207964601769911,2.53864879571555,6.9510914056746,2.12521332921492e-09,7.47410962718271e-07,6.4427519875147e-07,"OAS3/CD274/IFI16/PARP14/USP18/SERPING1/OAS1/HAVCR2/RPS19/TRIM21/LILRB4/MICA/CLU/TRAFD1/LGALS3/ATG12/LILRB1/CD59/SERPINB9/CEACAM1/USP15/STAT2/NMI/PTPRC/SAMSN1/CLEC12A/USP5/KLRD1/GPX1/STAT5A/LGALS9/SLAMF8/SPN/CD55/ALOX15/NCKAP1L/FYN/SMCR8/SELENOS/NLRC5/FRK/LYN/INPP5D/CD80/CD69/ISG15/UFL1",47
"GO:0002832","negative regulation of response to biotic stimulus","35/1545","144/18860",0.243055555555556,2.96700827040633,7.07771772332656,3.5196161832905e-09,1.16499295666915e-06,1.00423475991347e-06,"OAS3/CD274/IFI16/PARP14/USP18/SERPING1/TRIM38/OAS1/HAVCR2/RPS19/TRIM21/CARD16/MICA/TRAFD1/MICB/ATG12/LILRB1/SERPINB9/CEACAM1/USP15/STAT2/NMI/USP5/KLRD1/LGALS9/SLAMF8/SIGIRR/CARD8/PRDX2/NLRC5/FRK/INPP5D/PPM1B/ISG15/UFL1",35
"GO:0043122","regulation of canonical NF-kappaB signal transduction","60/1545","332/18860",0.180722891566265,2.20610597730729,6.62296659873614,4.33439311958726e-09,1.2926690152358e-06,1.11429270943787e-06,"IFIT5/TRIM22/STAT1/TRIM38/TRIM5/CASP1/APOL3/CARD16/LILRB4/TMEM106A/CFLAR/S100A13/TNFSF10/TLR8/KLF4/TNFSF14/CLEC7A/CASP10/AKAP13/ZC3HAV1/JMJD8/SIVA1/USP15/FASLG/CHRNA7/PLEKHG5/TNFSF15/TLR3/TRAF1/TLR2/NOD2/RHOH/TLR6/MIER1/TNFRSF19/INSR/LGALS9/PPP2CB/NOD1/REL/C15orf39/BIRC3/GSTP1/TRIM8/S100A4/CX3CR1/CASP7/TRIM25/CARD8/CARD14/CASP8/ECM1/TRADD/PPM1B/TLR7/TANK/LITAF/CD4/UFL1/TRAF4",60
"GO:0002833","positive regulation of response to biotic stimulus","76/1545","465/18860",0.163440860215054,1.9951421512336,6.4904383127036,4.36479674595348e-09,1.2926690152358e-06,1.11429270943787e-06,"OAS3/ZNFX1/CD274/DDX60/EIF2AK2/RSAD2/IFI16/PARP9/OASL/GBP5/TRIM5/OAS1/LRCH4/PLSCR1/CASP4/HAVCR2/CASP1/CLEC4E/RPS19/IRF7/TRIM3/CREBBP/P2RX7/GBP2/AIM2/TLR8/TLR1/CLEC7A/AKT1/PIK3AP1/EP300/ZC3HAV1/WDFY1/CD300LF/MIF/IRF1/NAIP/NOP53/MNDA/USP15/NMI/UNC93B1/TLR3/TLR2/TRIM6/FFAR2/NOD2/ECSIT/NLRP3/KLRD1/TLR6/STAT5A/TRAF3IP3/NOD1/CD226/PRF1/BIRC3/RICTOR/MED1/TRIM25/FYN/TKFC/CARD8/NLRC5/CCL5/FRK/IFI35/IFIH1/LYN/MAP2K6/EMILIN2/TLR7/ABHD17A/MEFV/UFL1/TXK",76
"GO:0002218","activation of innate immune response","63/1545","362/18860",0.174033149171271,2.12444349085448,6.45270568134473,8.17105593670482e-09,2.2989265877919e-06,1.98169609243873e-06,"OAS3/ZNFX1/CD274/DDX60/EIF2AK2/RSAD2/IFI16/OASL/GBP5/TRIM5/OAS1/LRCH4/CASP4/HAVCR2/CASP1/CLEC4E/IRF7/TRIM3/CREBBP/P2RX7/GBP2/AIM2/TLR8/TLR1/CLEC7A/AKT1/PIK3AP1/EP300/ZC3HAV1/WDFY1/CD300LF/IRF1/NAIP/NOP53/MNDA/USP15/NMI/UNC93B1/TLR3/TLR2/FFAR2/NOD2/ECSIT/NLRP3/KLRD1/TLR6/TRAF3IP3/NOD1/BIRC3/RICTOR/TRIM25/FYN/TKFC/CARD8/FRK/IFI35/IFIH1/LYN/MAP2K6/TLR7/ABHD17A/MEFV/UFL1",63
"GO:0034341","response to type II interferon","32/1545","129/18860",0.248062015503876,3.0281227264745,6.90432027478264,9.59794063932928e-09,2.5717910465479e-06,2.21690779278342e-06,"GBP1/RPL13A/PARP14/GBP4/PARP9/IFITM3/STAT1/GBP5/IFITM1/SP100/NUB1/CASP1/CCL2/TRIM21/GBP2/IRF1/FASLG/TLR3/TLR2/SLC11A1/KYNU/LGALS9/MED1/VIM/JAK2/NLRC5/CCL5/GCH1/CCL3/AQP4/MEFV/TXK",32
"GO:0019079","viral genome replication","30/1545","117/18860",0.256410256410256,3.13003070284624,6.90353555621215,1.2140853067925e-08,3.10529910060064e-06,2.67679669555017e-06,"IFIT1/OAS3/OAS2/ZNFX1/MX1/EIF2AK2/IFIT5/RSAD2/IFI16/OASL/IFITM3/TRIM38/IFITM1/OAS1/SLPI/PLSCR1/N4BP1/CCL2/APOBEC3F/ISG20/ZC3HAV1/TRIM28/TRIM6/PPIA/CCL8/APOBEC3A/CCL5/IFIH1/ISG15/RNASEL",30
"GO:0002758","innate immune response-activating signaling pathway","60/1545","342/18860",0.175438596491228,2.141599954579,6.364177446379,1.36218515805994e-08,3.33261560191447e-06,2.87274563310764e-06,"OAS3/CD274/DDX60/EIF2AK2/RSAD2/IFI16/OASL/GBP5/OAS1/LRCH4/CASP4/HAVCR2/CASP1/CLEC4E/IRF7/TRIM3/CREBBP/P2RX7/GBP2/AIM2/TLR8/TLR1/CLEC7A/AKT1/PIK3AP1/EP300/ZC3HAV1/WDFY1/CD300LF/IRF1/NAIP/NOP53/USP15/NMI/UNC93B1/TLR3/TLR2/FFAR2/NOD2/ECSIT/NLRP3/KLRD1/TLR6/TRAF3IP3/NOD1/BIRC3/RICTOR/TRIM25/FYN/TKFC/CARD8/FRK/IFI35/IFIH1/LYN/MAP2K6/TLR7/ABHD17A/MEFV/UFL1",60
"GO:0002274","myeloid leukocyte activation","48/1545","255/18860",0.188235294117647,2.29781077479536,6.23273916930888,4.11784454552554e-08,9.65462969069676e-06,8.32238055516741e-06,"PLSCR1/HAVCR2/LILRB4/TMEM106A/CLU/CD84/LCP2/S100A13/FCGR3A/GAB2/PRAM1/TLR1/FCER1G/NR4A3/PTPRE/BATF2/MILR1/CD300LF/MIF/JUN/NMI/PTPRC/UNC13D/TLR3/SLC11A1/CLEC12A/RHOH/TLR6/CD93/LGALS9/PLA2G10/DOCK2/CD226/SUCNR1/CX3CR1/JAK2/CD2/CCL5/CBL/IFI35/SCNN1B/CCL3/LYN/CD37/PREX1/MAPT/IL15/STAP1",48
"GO:0043123","positive regulation of canonical NF-kappaB signal transduction","45/1545","232/18860",0.193965517241379,2.36776029460998,6.26156933943701,4.30736632027939e-08,9.69502011368484e-06,8.35719747530417e-06,"IFIT5/TRIM22/TRIM38/TRIM5/CASP1/APOL3/CARD16/TMEM106A/CFLAR/S100A13/TNFSF10/TLR8/TNFSF14/CLEC7A/CASP10/AKAP13/ZC3HAV1/JMJD8/USP15/FASLG/PLEKHG5/TNFSF15/TLR3/TLR2/NOD2/TLR6/MIER1/TNFRSF19/INSR/LGALS9/NOD1/REL/BIRC3/TRIM8/S100A4/CX3CR1/CASP7/TRIM25/CARD14/CASP8/ECM1/TRADD/TLR7/LITAF/CD4",45
"GO:0002237","response to molecule of bacterial origin","62/1545","375/18860",0.165333333333333,2.01824379719525,5.94935663832727,7.58334718462421e-08,1.5134400670523e-05,1.30459940867378e-05,"CXCL10/CD274/CD68/CMPK2/RPL13A/CXCL9/GBP5/TRIM5/TSPO/SLPI/IDO1/HAVCR2/CASP1/CCL2/GPX4/CARD16/P2RX7/GBP2/IL10RA/PDCD1LG2/TLR1/LILRB1/AKT1/CD86/CYRIB/CCR5/MIF/SCGB1A1/ABCA1/FASLG/TLR2/TNFRSF1B/TRIM6/NOD2/SLC11A1/NLRP3/TLR6/GPX1/SOD2/LGALS9/SELENOW/CD55/SIGIRR/GSTP1/VIM/CX3CR1/CASP7/JAK2/SELENOS/CARD8/PRDX2/PDE4B/GCH1/THBD/CASP8/LYN/CD80/SERPINE1/STAP1/LITAF/C2/SLC7A5",62
"GO:0002221","pattern recognition receptor signaling pathway","56/1545","325/18860",0.172307692307692,2.10338063231267,5.99353527891675,7.77889823850604e-08,1.5134400670523e-05,1.30459940867378e-05,"OAS3/CD274/DDX60/EIF2AK2/RSAD2/IFI16/OASL/GBP5/OAS1/LRCH4/CASP4/HAVCR2/CASP1/CLEC4E/IRF7/TRIM3/P2RX7/GBP2/AIM2/TLR8/TLR1/CLEC7A/AKT1/PIK3AP1/ZC3HAV1/WDFY1/CD300LF/IRF1/NAIP/NOP53/USP15/NMI/UNC93B1/TLR3/TLR2/FFAR2/NOD2/ECSIT/NLRP3/TLR6/TRAF3IP3/NOD1/BIRC3/RICTOR/TRIM25/TKFC/CARD8/FRK/IFI35/IFIH1/LYN/MAP2K6/TLR7/ABHD17A/MEFV/UFL1",56
"GO:0035456","response to interferon-beta","15/1545","37/18860",0.405405405405405,4.9488323274731,7.18186865874447,7.78230294465117e-08,1.5134400670523e-05,1.30459940867378e-05,"XAF1/IFI16/IFITM3/STAT1/IFITM1/OAS1/PLSCR1/PNPT1/AIM2/IRF1/MNDA/TLR3/TRIM6/NDUFA13/CDC34",15
"GO:0032496","response to lipopolysaccharide","59/1545","350/18860",0.168571428571429,2.05777161349977,5.9667115759042,7.79985106531307e-08,1.5134400670523e-05,1.30459940867378e-05,"CXCL10/CD274/CD68/CMPK2/RPL13A/CXCL9/GBP5/TRIM5/TSPO/SLPI/IDO1/HAVCR2/CASP1/CCL2/GPX4/CARD16/P2RX7/GBP2/IL10RA/PDCD1LG2/LILRB1/AKT1/CD86/CCR5/MIF/SCGB1A1/ABCA1/FASLG/TLR2/TNFRSF1B/TRIM6/NOD2/SLC11A1/NLRP3/GPX1/SOD2/LGALS9/SELENOW/CD55/SIGIRR/GSTP1/VIM/CX3CR1/CASP7/JAK2/SELENOS/CARD8/PRDX2/PDE4B/GCH1/THBD/CASP8/LYN/CD80/SERPINE1/STAP1/LITAF/C2/SLC7A5",59
"GO:0042274","ribosomal small subunit biogenesis","27/1545","107/18860",0.252336448598131,3.08030124308139,6.44607070445206,9.22138746611512e-08,1.72962490906099e-05,1.49095275241609e-05,"RPS3A/RPS8/RPS28/RPS21/RPS17/RPS15/RPS19/RPS5/RPS7/RPS14/FAU/RPS15A/RPS27/RPS24/RPS12/RPS13/RPS6/DNTTIP2/TBL3/RPS9/RPS16/RPSA/UTP6/NOL7/RPS27A/FBL/RPS25",27
"GO:0050851","antigen receptor-mediated signaling pathway","42/1545","215/18860",0.195348837209302,2.38464664709867,6.0994309436479,9.78533726229093e-08,1.77619654112616e-05,1.53109793224573e-05,"GBP1/ELF1/EZR/LILRB4/LCP2/LGALS3/FYB1/PRAM1/BTN3A1/NFAM1/ICOSLG/SIVA1/CEACAM1/MNDA/PRKCH/PTPRC/IGHA1/IGHA2/NFKBID/CD81/IGHG3/IGHM/IGHG4/CD226/IGKC/PHPT1/CD53/NCKAP1L/TRAC/FYN/PDE4B/TRGC1/PDE4D/LYN/INPP5D/UBASH3A/THEMIS2/THEMIS/STAP1/BTN3A3/BTN2A2/TXK",42
"GO:0046718","symbiont entry into host cell","31/1545","136/18860",0.227941176470588,2.78250523510375,6.23179668955159,1.31871739578722e-07,2.28192138718577e-05,1.96703745141414e-05,"SIGLEC1/TRIM38/GBP5/TRIM5/PLSCR1/BSG/TRIM21/GBP2/CTSB/DAG1/ACE2/SELPLG/CD86/P4HB/CCR5/SIVA1/SLC20A2/RPSA/SLC1A5/CD81/INSR/LGALS9/CD55/CTSL/TMPRSS2/EPHA2/TRIM25/CBL/CD80/CXCR4/CD4",31
"GO:0032732","positive regulation of interleukin-1 production","22/1545","77/18860",0.285714285714286,3.48774849745724,6.53403836502588,1.33825139109881e-07,2.28192138718577e-05,1.96703745141414e-05,"IFI16/GBP5/HAVCR2/CASP1/TMEM106A/P2RX7/AIM2/S100A13/TLR8/CLEC7A/NAIP/NOD2/NLRP3/TLR6/TMED10/LGALS9/NOD1/JAK2/CARD8/CASP8/CCL3/MEFV",22
"GO:2001057","reactive nitrogen species metabolic process","24/1545","91/18860",0.263736263736264,3.21946015149899,6.33957005351144,1.93446065869415e-07,3.20153239013882e-05,2.75975068583983e-05,"OPRM1/STAT1/PRDX5/TSPO/GCHFR/TMEM106A/CLU/KLF4/CLEC7A/AKT1/POR/ASL/TLR6/INSR/SOD2/HBB/DYNLL1/HIF1A/CX3CR1/JAK2/MTARC1/SELENOS/CYB5R3/GCH1",24
"GO:0140374","antiviral innate immune response","22/1545","79/18860",0.278481012658228,3.39945106714186,6.38378733985017,2.20222286045104e-07,3.48409785296424e-05,3.00332474188532e-05,"IFIT1/CXCL10/OAS3/IFIT3/IFIT2/OAS2/MX1/EIF2AK2/USP18/OASL/TRIM22/OAS1/TRIM21/APOBEC3F/RPSA/TRIM6/AKAP1/TRIM25/ATAD3A/CARD8/IFIH1/UFL1",22
"GO:0070269","pyroptotic inflammatory response","17/1545","50/18860",0.34,4.15042071197411,6.66302561106291,2.22903008186801e-07,3.48409785296424e-05,3.00332474188532e-05,"GBP1/GBP5/CASP4/CASP1/TRIM21/ZEB2/GBP2/AIM2/NAIP/NLRP3/PRF1/CASP7/CARD8/CASP8/MAP2K6/GSDMB/MEFV",17
"GO:0097191","extrinsic apoptotic signaling pathway","44/1545","239/18860",0.184100418410042,2.24733585191805,5.79686491366687,2.87176208373997e-07,4.36740682302832e-05,3.76474528645057e-05,"SP100/PML/IFI6/P2RX7/CFLAR/CIB1/LGALS3/TNFSF10/BAD/KLF4/KRT8/TNFSF14/AKT1/CTTN/LMNA/FGFR3/SIVA1/KRT18/FASLG/PTPRC/TNFSF15/TLR3/TRAF1/TNFRSF1B/NDUFA13/PPP2R1B/MCL1/GRINA/TLR6/GPX1/INHBA/STK4/ARHGEF2/GSTP1/JAK2/FYN/PRDX2/BCL2L14/UNC5B/FAS/CASP8/TRADD/SERPINE1/EYA2",44
"GO:0006119","oxidative phosphorylation","32/1545","148/18860",0.216216216216216,2.63937724131899,5.98083717552315,3.02016341526605e-07,4.47155934133562e-05,3.85452572556649e-05,"NDUFV1/ATP5F1E/UQCRQ/ATP5IF1/COX4I1/ATP5ME/NDUFB10/UQCR11/NDUFB7/NDUFS6/CHCHD2/COX6A1/NDUFC1/NDUFA2/UQCRC1/UQCRFS1/NDUFA13/NDUFS5/ATP5MG/NDUFA3/NUPR1/COX5A/NDUFB2/NDUFA9/NDUFC2/UQCRHL/COX5B/ATP5PO/ATP5PB/COX8A/UQCRH/COX7A2",32
"GO:0044409","symbiont entry into host","31/1545","141/18860",0.219858156028369,2.68383483669582,5.99487385064865,3.11360595855607e-07,4.47155934133562e-05,3.85452572556649e-05,"SIGLEC1/TRIM38/GBP5/TRIM5/PLSCR1/BSG/TRIM21/GBP2/CTSB/DAG1/ACE2/SELPLG/CD86/P4HB/CCR5/SIVA1/SLC20A2/RPSA/SLC1A5/CD81/INSR/LGALS9/CD55/CTSL/TMPRSS2/EPHA2/TRIM25/CBL/CD80/CXCR4/CD4",31
"GO:0042098","T cell proliferation","42/1545","224/18860",0.1875,2.28883495145631,5.79638584906772,3.17864534660431e-07,4.47155934133562e-05,3.85452572556649e-05,"CD274/IGFBP2/TNFSF13B/IDO1/HAVCR2/LILRB4/P2RX7/DOCK8/LGALS3/PDCD1LG2/TNFSF14/BTN3A1/LILRB1/ICOSLG/CD86/IRF1/SCGB1A1/SDC4/PTPRC/TNFRSF1B/SLC11A1/CD81/STAT5A/LGALS9/IL2RA/SPN/CD55/DOCK2/PRKCQ/NCKAP1L/JAK2/FYN/MSN/PRDX2/RASAL3/CCL5/NCSTN/CD37/CD80/IL15/BTN2A2/CD4",42
"GO:0030522","intracellular receptor signaling pathway","68/1545","447/18860",0.152125279642058,1.85701150423898,5.47760184281445,4.63286150367904e-07,6.35831992224438e-05,5.48093088804955e-05,"OAS3/DDX60/EIF2AK2/RSAD2/IFI16/OASL/GBP5/OAS1/SP100/PML/CASP4/HAVCR2/IRF7/TRIM3/P2RX7/GBP2/NCOA1/TLR8/ZNF366/AKT1/PIK3AP1/NR4A3/DAB2/EP300/ZC3HAV1/WDFY1/NOP53/USP15/TADA3/ASXL2/CITED2/UNC93B1/TLR3/CYP26A1/NOD2/ERRFI1/NLRP3/TLR6/DNAAF4/TRAF3IP3/NOD1/PLA2G10/STUB1/ALOX15/NR2F6/ESRRA/BIRC3/RICTOR/MED1/SREBF1/TRIM25/JAK2/KMT2D/TKFC/CARD8/ESR2/KANK2/FRK/GPRIN3/PLIN5/IFIH1/ZBTB7A/MAP2K6/TLR7/ABHD17A/MEFV/UFL1/NEDD4",68
"GO:0048872","homeostasis of number of cells","59/1545","369/18860",0.159891598915989,1.95181589356347,5.51566981926904,5.003559368533e-07,6.70357823017505e-05,5.77854675944864e-05,"TNFSF13B/STAT1/PRDX5/RPS17/RPS19/GLUL/RPS14/P2RX7/ATP5IF1/AIM2/MB/TNFSF14/SEPTIN4/AKT1/FCER1G/RPS24/MIF/SIVA1/ST6GALNAC1/CITED2/BLOC1S6/NOD2/P4HTM/DNASE2/SLC1A5/STAT5A/LGALS9/SELENOW/IL2RA/FAM3D/HBB/PLA2G10/INHBA/HCLS1/GAPT/MED1/RCOR1/HIF1A/CX3CR1/NCKAP1L/DMTN/JAK2/DOCK10/PRDX2/PDE4B/SLC25A5/SCNN1B/HNRNPU/FAS/NCSTN/LYN/INPP5D/TMEM14C/ZBTB7A/DOCK11/OCIAD1/ISG15/ADGRG1/UFL1",59
"GO:0046209","nitric oxide metabolic process","23/1545","89/18860",0.258426966292135,3.15464892185739,6.08611478641753,5.13724963894607e-07,6.7226287717092e-05,5.79496850336928e-05,"OPRM1/STAT1/TSPO/GCHFR/TMEM106A/CLU/KLF4/CLEC7A/AKT1/POR/ASL/TLR6/INSR/SOD2/HBB/DYNLL1/HIF1A/CX3CR1/JAK2/MTARC1/SELENOS/CYB5R3/GCH1",23
"GO:0030595","leukocyte chemotaxis","43/1545","237/18860",0.181434599156118,2.21479387707727,5.62165603984154,5.90296098726564e-07,7.54908215348722e-05,6.50737900222968e-05,"CXCL10/CXCL11/PLA2G7/RPL13A/CXCL9/C3AR1/CCL2/CMKLR1/RPS19/CCR1/BSG/FLT1/LGMN/LGALS3/TNFSF14/FCER1G/CCL4/CCR5/MIF/TNFAIP6/FFAR2/PERP/CXCR1/PPIA/CCL8/LGALS9/SLAMF8/RIN3/CX3CR1/LYST/NCKAP1L/PDE4B/CCL5/CCL3/LYN/CORO1C/PREX1/SERPINE1/CXCR4/DDT/STAP1/IL17RC/OXSR1",43
"GO:1903557","positive regulation of tumor necrosis factor superfamily cytokine production","27/1545","117/18860",0.230769230769231,2.81702763256161,5.88907702186986,6.44234432977412e-07,8.05579367636422e-05,6.94416904598811e-05,"OAS3/OAS2/OAS1/HAVCR2/TMEM106A/CLU/FCGR3A/TLR1/CLEC7A/FCER1G/CD86/CYBB/MIF/PTPRC/TLR3/TLR2/NOD2/LGALS9/NOD1/SPN/ARHGEF2/JAK2/CD2/IFIH1/CCL3/DDT/FCGR2A",27
"GO:2000106","regulation of leukocyte apoptotic process","24/1545","97/18860",0.247422680412371,3.02031828645781,5.9589102837652,6.94876851143875e-07,8.50015661170996e-05,7.32721402762237e-05,"CD274/IDO1/IRF7/P2RX7/DOCK8/LGALS3/LILRB1/FCER1G/NR4A3/CCR5/MIF/HSH2D/NOD2/PERP/STAT5A/LGALS9/EFNA1/HCLS1/HIF1A/PRKCQ/SELENOS/ORMDL3/CCL5/LYN",24
"GO:0045824","negative regulation of innate immune response","25/1545","104/18860",0.240384615384615,2.93440378391835,5.90889149168129,7.36041980268632e-07,8.67596619944742e-05,7.47876352680286e-05,"OAS3/IFI16/PARP14/USP18/SERPING1/OAS1/HAVCR2/RPS19/TRIM21/MICA/TRAFD1/ATG12/LILRB1/SERPINB9/CEACAM1/USP15/STAT2/NMI/KLRD1/LGALS9/SLAMF8/NLRC5/FRK/INPP5D/ISG15",25
"GO:0071219","cellular response to molecule of bacterial origin","44/1545","247/18860",0.178137651821862,2.17454764618791,5.55038681747776,7.40085974006533e-07,8.67596619944742e-05,7.47876352680286e-05,"CXCL10/CD274/CD68/CMPK2/CXCL9/GBP5/TRIM5/TSPO/HAVCR2/CASP1/CCL2/CARD16/GBP2/PDCD1LG2/TLR1/LILRB1/AKT1/CD86/CYRIB/CCR5/MIF/ABCA1/TLR2/TNFRSF1B/NOD2/NLRP3/TLR6/CD55/SIGIRR/GSTP1/VIM/CX3CR1/CASP7/JAK2/SELENOS/CARD8/PRDX2/PDE4B/LYN/CD80/SERPINE1/STAP1/LITAF/SLC7A5",44
"GO:0030099","myeloid cell differentiation","71/1545","481/18860",0.147609147609148,1.80188253974662,5.32150752627943,8.23269249187374e-07,9.28440195940789e-05,8.00324080868586e-05,"IFI16/H4C8/STAT1/PML/RPS19/IRF7/CCR1/GLUL/RPS14/LILRB4/CFLAR/ATP5IF1/LRRK1/CIB1/MB/GAB2/LILRB1/FCER1G/BATF2/QKI/EP300/TNFAIP6/JUN/CEACAM1/EVI2B/CITED2/MTURN/TLR3/TLR2/PDE1B/P4HTM/DNASE2/SLC1A5/CD81/STAT5A/C1QC/NKAP/SELENOW/H4C15/HBB/PLA2G10/INHBA/HCLS1/KAT6A/MED1/RCOR1/HIF1A/CD109/EPHA2/TET2/NCKAP1L/DMTN/JAK2/CD101/SLC25A5/HNRNPU/PIR/CASP8/CCL3/LYN/INPP5D/CORO1C/TOB2/TMEM14C/ZBTB7A/IL15/TF/ISG15/CD4/TFE3/UFL1",71
"GO:0032731","positive regulation of interleukin-1 beta production","19/1545","66/18860",0.287878787878788,3.51417083455918,6.11180465336999,8.33841132943051e-07,9.28440195940789e-05,8.00324080868586e-05,"IFI16/GBP5/CASP1/TMEM106A/P2RX7/AIM2/TLR8/CLEC7A/NAIP/NOD2/NLRP3/TLR6/LGALS9/NOD1/JAK2/CARD8/CASP8/CCL3/MEFV",19
"GO:0001906","cell killing","48/1545","281/18860",0.170818505338078,2.08520194865771,5.47475743075174,8.41486582423676e-07,9.28440195940789e-05,8.00324080868586e-05,"CXCL10/GBP1/CXCL11/CXCL9/ROMO1/GBP5/HAVCR2/RPS19/SLAMF7/RPL30/MICA/TUBB4B/CLU/P2RX7/GBP2/MICB/LGALS3/FCGR3A/CTSH/LILRB1/CYRIB/CD59/SERPINB9/CEACAM1/PTPRC/NTS/UNC13D/RNF19B/KLRD1/APOL1/STAT5A/CCL8/LGALS9/CD55/CD226/PRF1/HTN3/CX3CR1/LYST/NCKAP1L/CD2/SCNN1B/INPP5D/GSDMB/STAP1/FCGR2A/C2/HMGN2",48
"GO:0051701","biological process involved in interaction with host","36/1545","185/18860",0.194594594594595,2.37543951718709,5.61577088436398,8.67172602536609e-07,9.32592342629572e-05,8.03903269917984e-05,"IFIT1/SIGLEC1/TRIM38/GBP5/TRIM5/PLSCR1/BSG/TRIM21/GBP2/CTSB/DAG1/ACE2/SELPLG/CD86/BPIFA1/P4HB/CCR5/SIVA1/SLC20A2/RPSA/SLC1A5/CD81/PPIA/INSR/LGALS9/CD55/CTSL/FBLN1/TMPRSS2/EPHA2/TRIM25/FRK/CBL/CD80/CXCR4/CD4",36
"GO:0070227","lymphocyte apoptotic process","22/1545","85/18860",0.258823529411765,3.15948981534361,5.96050387107182,8.78396910598318e-07,9.32592342629572e-05,8.03903269917984e-05,"CD274/IDO1/P2RX7/DOCK8/LGALS3/AKT1/MIF/SIVA1/FASLG/HSH2D/PERP/LGALS9/EFNA1/IL2RA/HIF1A/CASP7/PRKCQ/GLI3/ORMDL3/CCL5/FAS/LYN",22
"GO:0071706","tumor necrosis factor superfamily cytokine production","38/1545","201/18860",0.189054726368159,2.30781368239708,5.56816437279785,9.23379529307424e-07,9.44701202075068e-05,8.14341219339447e-05,"OAS3/OAS2/CD274/OAS1/TSPO/HAVCR2/LILRB4/TMEM106A/CLU/FCGR3A/TLR1/CLEC7A/LILRB1/FCER1G/CD86/CYBB/MIF/PTPRC/CHRNA7/TLR3/TLR2/NOD2/CLEC4A/ERRFI1/TLR6/LGALS9/NOD1/SPN/ARHGEF2/GSTP1/CX3CR1/JAK2/CD2/SELENOS/IFIH1/CCL3/DDT/FCGR2A",38
"GO:1903555","regulation of tumor necrosis factor superfamily cytokine production","38/1545","201/18860",0.189054726368159,2.30781368239708,5.56816437279785,9.23379529307424e-07,9.44701202075068e-05,8.14341219339447e-05,"OAS3/OAS2/CD274/OAS1/TSPO/HAVCR2/LILRB4/TMEM106A/CLU/FCGR3A/TLR1/CLEC7A/LILRB1/FCER1G/CD86/CYBB/MIF/PTPRC/CHRNA7/TLR3/TLR2/NOD2/CLEC4A/ERRFI1/TLR6/LGALS9/NOD1/SPN/ARHGEF2/GSTP1/CX3CR1/JAK2/CD2/SELENOS/IFIH1/CCL3/DDT/FCGR2A",38
"GO:0071216","cellular response to biotic stimulus","47/1545","274/18860",0.171532846715328,2.09392199938582,5.44855068824109,9.6591183374549e-07,9.70568908658191e-05,8.36639422913386e-05,"CXCL10/CD274/CD68/CMPK2/CXCL9/GBP5/TRIM5/TSPO/TXNIP/HAVCR2/CASP1/CCL2/CARD16/GBP2/PDCD1LG2/WFS1/TLR1/CLEC7A/LILRB1/AKT1/CD86/CYRIB/CCR5/MIF/ABCA1/TLR2/TNFRSF1B/NOD2/NLRP3/TLR6/CD55/SIGIRR/GSTP1/VIM/CX3CR1/CASP7/JAK2/SELENOS/CARD8/PRDX2/PDE4B/LYN/CD80/SERPINE1/STAP1/LITAF/SLC7A5",47
"GO:0050729","positive regulation of inflammatory response","35/1545","179/18860",0.195530726256983,2.3868669884833,5.56895348270625,1.08955029336901e-06,0.000106393990329165,9.17126088383624e-05,"GBP1/PLA2G7/GBP5/IDO1/CASP4/CASP1/RPS19/CCR1/GBP2/AIM2/FCER1G/CASP5/NAIP/NMI/TLR3/TLR2/FFAR2/NLRP3/TLR6/CD81/STAT5A/NUPR1/SUCNR1/CARD8/CCL5/IFI35/CASP8/CCL3/TRADD/SERPINE1/DDT/IL15/STAP1/TLR7/MEFV",35
"GO:0032760","positive regulation of tumor necrosis factor production","26/1545","113/18860",0.230088495575221,2.80871781653636,5.76045081512221,1.09665033571913e-06,0.000106393990329165,9.17126088383624e-05,"OAS3/OAS2/OAS1/HAVCR2/TMEM106A/CLU/FCGR3A/TLR1/CLEC7A/FCER1G/CYBB/MIF/PTPRC/TLR3/TLR2/NOD2/LGALS9/NOD1/SPN/ARHGEF2/JAK2/CD2/IFIH1/CCL3/DDT/FCGR2A",26
"GO:0019646","aerobic electron transport chain","23/1545","93/18860",0.247311827956989,3.01896509726137,5.83022321813752,1.18866842937316e-06,0.000113366733086148,9.77231779224176e-05,"NDUFV1/UQCRQ/COX4I1/NDUFB10/UQCR11/NDUFB7/NDUFS6/COX6A1/NDUFC1/NDUFA2/UQCRC1/UQCRFS1/NDUFS5/NDUFA3/COX5A/NDUFB2/NDUFA9/NDUFC2/UQCRHL/COX5B/COX8A/UQCRH/COX7A2",23
"GO:0002753","cytoplasmic pattern recognition receptor signaling pathway","40/1545","219/18860",0.182648401826484,2.2296109116165,5.46723179142455,1.21097118984324e-06,0.000113568914754132,9.78974603999589e-05,"OAS3/DDX60/EIF2AK2/RSAD2/IFI16/OASL/GBP5/OAS1/CASP4/HAVCR2/IRF7/TRIM3/P2RX7/GBP2/TLR8/AKT1/PIK3AP1/ZC3HAV1/WDFY1/NOP53/USP15/UNC93B1/TLR3/NOD2/NLRP3/TLR6/TRAF3IP3/NOD1/BIRC3/RICTOR/TRIM25/TKFC/CARD8/FRK/IFIH1/MAP2K6/TLR7/ABHD17A/MEFV/UFL1",40
"GO:0042773","ATP synthesis coupled electron transport","24/1545","100/18860",0.24,2.92970873786408,5.77946543274096,1.25753567157638e-06,0.000113766602090345,9.80678687217286e-05,"NDUFV1/UQCRQ/COX4I1/NDUFB10/UQCR11/NDUFB7/NDUFS6/CHCHD2/COX6A1/NDUFC1/NDUFA2/UQCRC1/UQCRFS1/NDUFS5/NDUFA3/COX5A/NDUFB2/NDUFA9/NDUFC2/UQCRHL/COX5B/COX8A/UQCRH/COX7A2",24
"GO:0042775","mitochondrial ATP synthesis coupled electron transport","24/1545","100/18860",0.24,2.92970873786408,5.77946543274096,1.25753567157638e-06,0.000113766602090345,9.80678687217286e-05,"NDUFV1/UQCRQ/COX4I1/NDUFB10/UQCR11/NDUFB7/NDUFS6/CHCHD2/COX6A1/NDUFC1/NDUFA2/UQCRC1/UQCRFS1/NDUFS5/NDUFA3/COX5A/NDUFB2/NDUFA9/NDUFC2/UQCRHL/COX5B/COX8A/UQCRH/COX7A2",24
"GO:0050900","leukocyte migration","61/1545","397/18860",0.153652392947103,1.87565315921189,5.26730615182978,1.27759214079121e-06,0.000113766602090345,9.80678687217286e-05,"CXCL10/CXCL11/PLA2G7/RPL13A/CXCL9/CD9/C3AR1/CCL2/CMKLR1/RPS19/CCR1/BSG/SELL/FLT1/DOCK8/LGMN/LGALS3/TNFSF14/SELPLG/AKT1/FCER1G/CCL4/P4HB/CCR5/MIF/TNFAIP6/FFAR2/GDF15/PERP/CXCR1/CD81/PPIA/CCL8/LGALS9/STK10/SLAMF8/FAM3D/SPN/RIN3/CX3CR1/LYST/NCKAP1L/FYN/PECAM1/MSN/PDE4B/CCL5/ITGA3/ECM1/CCL3/LYN/CORO1C/PREX1/SERPINE1/CD69/CXCR4/DDT/STAP1/IL17RC/ADD2/OXSR1",61
"GO:0071675","regulation of mononuclear cell migration","31/1545","150/18860",0.206666666666667,2.52280474649407,5.59326352908085,1.29395104563392e-06,0.000113766602090345,9.80678687217286e-05,"CXCL10/PLA2G7/CD9/C3AR1/CCL2/CMKLR1/CCR1/DOCK8/LGMN/LGALS3/TNFSF14/AKT1/CCL4/P4HB/MIF/CD81/LGALS9/STK10/SLAMF8/SPN/CX3CR1/MSN/CCL5/ECM1/CCL3/LYN/SERPINE1/CD69/DDT/STAP1/OXSR1",31
"GO:0032612","interleukin-1 production","29/1545","136/18860",0.213235294117647,2.60298876832286,5.60419117043511,1.44350183628733e-06,0.000123069467163467,0.000106087024906093,"IFI16/GBP5/PML/HAVCR2/CASP1/CARD16/LILRB4/TMEM106A/P2RX7/AIM2/S100A13/TLR8/CLEC7A/NAIP/CEACAM1/NOD2/ERRFI1/NLRP3/TLR6/TMED10/LGALS9/NOD1/GSTP1/CX3CR1/JAK2/CARD8/CASP8/CCL3/MEFV",29
"GO:0032652","regulation of interleukin-1 production","29/1545","136/18860",0.213235294117647,2.60298876832286,5.60419117043511,1.44350183628733e-06,0.000123069467163467,0.000106087024906093,"IFI16/GBP5/PML/HAVCR2/CASP1/CARD16/LILRB4/TMEM106A/P2RX7/AIM2/S100A13/TLR8/CLEC7A/NAIP/CEACAM1/NOD2/ERRFI1/NLRP3/TLR6/TMED10/LGALS9/NOD1/GSTP1/CX3CR1/JAK2/CARD8/CASP8/CCL3/MEFV",29
"GO:0071222","cellular response to lipopolysaccharide","41/1545","229/18860",0.179039301310044,2.18555418945464,5.3917952526627,1.52736677671551e-06,0.000128276012725047,0.000110575115586883,"CXCL10/CD274/CD68/CMPK2/CXCL9/GBP5/TRIM5/TSPO/HAVCR2/CASP1/CCL2/CARD16/GBP2/PDCD1LG2/LILRB1/AKT1/CD86/CCR5/MIF/ABCA1/TLR2/TNFRSF1B/NOD2/NLRP3/CD55/SIGIRR/GSTP1/VIM/CX3CR1/CASP7/JAK2/SELENOS/CARD8/PRDX2/PDE4B/LYN/CD80/SERPINE1/STAP1/LITAF/SLC7A5",41
"GO:0034101","erythrocyte homeostasis","33/1545","167/18860",0.197604790419162,2.41218533806174,5.47548703447055,1.71464961664432e-06,0.000141887255777318,0.000122308133645465,"STAT1/RPS17/RPS19/GLUL/RPS14/ATP5IF1/MB/RPS24/CITED2/P4HTM/DNASE2/SLC1A5/STAT5A/SELENOW/HBB/PLA2G10/INHBA/HCLS1/MED1/RCOR1/HIF1A/NCKAP1L/DMTN/JAK2/SLC25A5/SCNN1B/HNRNPU/LYN/INPP5D/TMEM14C/ZBTB7A/ISG15/UFL1",33
"GO:0080164","regulation of nitric oxide metabolic process","19/1545","69/18860",0.27536231884058,3.361380798274,5.86986280517446,1.75728428475363e-06,0.000143307806816068,0.000123532661848127,"OPRM1/STAT1/TSPO/GCHFR/TMEM106A/CLU/KLF4/CLEC7A/AKT1/ASL/TLR6/INSR/SOD2/HBB/DYNLL1/HIF1A/CX3CR1/JAK2/SELENOS",19
"GO:0044403","biological process involved in symbiotic interaction","41/1545","231/18860",0.177489177489178,2.1666316423598,5.32914202159378,1.92235932775059e-06,0.000154530227675037,0.000133206492966537,"IFIT1/SIGLEC1/ROMO1/TRIM38/GBP5/TRIM5/PLSCR1/BSG/TRIM21/GBP2/CTSB/DAG1/ACE2/SELPLG/CD86/BPIFA1/P4HB/CCR5/SIVA1/SLC20A2/RPSA/SLC1A5/CD81/GPX1/PPIA/APOL1/INSR/LGALS9/CD55/CTSL/FBLN1/TMPRSS2/EPHA2/TRIM25/FRK/CBL/SCNN1B/CD80/CXCR4/GSDMB/CD4",41
"GO:0070098","chemokine-mediated signaling pathway","22/1545","89/18860",0.247191011235955,3.01749027308098,5.69869051885586,2.03445963291657e-06,0.000161238089498895,0.000138988732223566,"CXCL10/CXCL11/CXCL9/CCL2/CMKLR1/CCR1/CIB1/CCL4/CCR5/CXCR1/STAT5A/CCL8/CCRL2/CCL3L3/HIF1A/CX3CR1/JAK2/CCL5/CCL3/LYN/CXCR4/OXSR1",22
"GO:0007159","leukocyte cell-cell adhesion","65/1545","439/18860",0.148063781321185,1.80743230790779,5.11321560826136,2.14110380920066e-06,0.000167333210199613,0.000144242782935623,"CD274/IGFBP2/TNFSF13B/IDO1/EZR/HAVCR2/CCL2/SELL/LILRB4/DOCK8/OLR1/LGALS3/PDCD1LG2/BAD/KLF4/TNFSF14/LILRB1/SELPLG/AKT1/ICOSLG/NR4A3/CD86/EP300/CYRIB/IRF1/SCGB1A1/SDC4/PTPRC/IL2RG/FERMT3/NOD2/USP5/NLRP3/NFKBID/RHOH/CD81/STAT5A/NKAP/LGALS9/STK10/IL2RA/SPN/CD55/CX3CR1/PRKCQ/NCKAP1L/JAK2/FYN/GLI3/PECAM1/MSN/PRDX2/RASAL3/VNN1/CCL5/SEMA4D/LYN/CD37/CD80/CD69/IL15/BTN2A2/CD4/ADD2/UFL1",65
"GO:0071346","cellular response to type II interferon","24/1545","103/18860",0.233009708737864,2.84437741540202,5.60659316111689,2.2129972119637e-06,0.00017058267550301,0.000147043852238338,"GBP1/RPL13A/PARP14/GBP4/PARP9/STAT1/GBP5/SP100/CASP1/CCL2/GBP2/IRF1/FASLG/TLR3/TLR2/LGALS9/MED1/VIM/JAK2/NLRC5/CCL5/CCL3/AQP4/TXK",24
"GO:2000107","negative regulation of leukocyte apoptotic process","17/1545","58/18860",0.293103448275862,3.57794888963285,5.87352199722653,2.37822806956221e-06,0.000180841747938197,0.000155887268058928,"IDO1/IRF7/DOCK8/LILRB1/FCER1G/CCR5/MIF/HSH2D/NOD2/STAT5A/EFNA1/HCLS1/HIF1A/PRKCQ/SELENOS/ORMDL3/CCL5",17
"GO:0002262","myeloid cell homeostasis","37/1545","201/18860",0.18407960199005,2.24708174338663,5.30959128731896,2.47852864533143e-06,0.000185955742497066,0.000160295578914908,"STAT1/RPS17/RPS19/GLUL/RPS14/ATP5IF1/MB/FCER1G/RPS24/CITED2/P4HTM/DNASE2/SLC1A5/STAT5A/SELENOW/FAM3D/HBB/PLA2G10/INHBA/HCLS1/MED1/RCOR1/HIF1A/NCKAP1L/DMTN/JAK2/PDE4B/SLC25A5/SCNN1B/HNRNPU/NCSTN/LYN/INPP5D/TMEM14C/ZBTB7A/ISG15/UFL1",37
"GO:0022900","electron transport chain","27/1545","125/18860",0.216,2.63673786407767,5.48427989682716,2.53533698656333e-06,0.000187715016097261,0.000161812089114734,"NDUFV1/UQCRQ/COX4I1/NDUFB10/UQCR11/NDUFB7/NDUFS6/CHCHD2/COX6A1/NDUFC1/NDUFA2/POR/UQCRC1/UQCRFS1/SOD2/NDUFS5/NDUFA3/COX5A/NDUFB2/NDUFA9/NDUFC2/UQCRHL/COX5B/COX8A/UQCRH/COX7A2/CYB561",27
"GO:0002698","negative regulation of immune effector process","29/1545","140/18860",0.207142857142857,2.5286176606565,5.42278383364905,2.67980549936365e-06,0.000195834617466484,0.000168811260985205,"CD274/SERPING1/APOA2/HAVCR2/RPS19/LILRB4/MICA/CLU/CD84/LGALS3/LILRB1/CD59/SERPINB9/CEACAM1/PTPRC/USP5/KLRD1/STAT5A/LGALS9/SLAMF8/CUEDC2/SPN/CD55/CX3CR1/NCKAP1L/INPP5D/CD80/CD69/UFL1",29
"GO:0031342","negative regulation of cell killing","13/1545","36/18860",0.361111111111111,4.40812657317512,6.1139704165852,2.73689534665866e-06,0.000197442437380106,0.000170197216699098,"HAVCR2/MICA/CLU/LILRB1/CD59/SERPINB9/CEACAM1/PTPRC/KLRD1/LGALS9/CX3CR1/NCKAP1L/INPP5D",13
"GO:0032102","negative regulation of response to external stimulus","66/1545","452/18860",0.146017699115044,1.7824555374173,5.02965164973804,2.90839690441853e-06,0.000207158852926115,0.000178572857235984,"OAS3/IFI16/PARP14/USP18/SERPING1/TRIM38/OAS1/CD9/HAVCR2/CCL2/RPS19/TRIM21/CARD16/MICA/TRAFD1/IL10RA/MICB/ATG12/KLF4/LILRB1/MIF/SERPINB9/TNFAIP6/CEACAM1/USP15/STAT2/NMI/PTPRC/TNFRSF1B/CLEC12A/NLRP3/KLRD1/DVL1/AOAH/GPX1/LGALS9/SLAMF8/IL2RA/SPN/PLA2G10/SIGIRR/C15orf39/GSTP1/RIN3/CD109/SPP1/EPPK1/FYN/SELENOS/CARD8/PRDX2/NLRC5/FRK/RGMA/THBD/PROS1/LYN/INPP5D/TFPI/SERPINE1/SEMA3F/DDT/STAP1/PPM1B/ISG15/MEFV",66
"GO:1990868","response to chemokine","23/1545","98/18860",0.23469387755102,2.86493626576844,5.52904074778278,3.13876477690671e-06,0.000218047276538939,0.000187958779622952,"CXCL10/CXCL11/CXCL9/CCL2/CMKLR1/CCR1/DOCK8/CIB1/CCL4/CCR5/CXCR1/STAT5A/CCL8/CCRL2/CCL3L3/HIF1A/CX3CR1/JAK2/CCL5/CCL3/LYN/CXCR4/OXSR1",23
"GO:1990869","cellular response to chemokine","23/1545","98/18860",0.23469387755102,2.86493626576844,5.52904074778278,3.13876477690671e-06,0.000218047276538939,0.000187958779622952,"CXCL10/CXCL11/CXCL9/CCL2/CMKLR1/CCR1/DOCK8/CIB1/CCL4/CCR5/CXCR1/STAT5A/CCL8/CCRL2/CCL3L3/HIF1A/CX3CR1/JAK2/CCL5/CCL3/LYN/CXCR4/OXSR1",23
"GO:0032640","tumor necrosis factor production","36/1545","196/18860",0.183673469387755,2.24212403407965,5.22159233398306,3.55418696340107e-06,0.00024095674750672,0.000207706956592925,"OAS3/OAS2/OAS1/TSPO/HAVCR2/LILRB4/TMEM106A/CLU/FCGR3A/TLR1/CLEC7A/LILRB1/FCER1G/CYBB/MIF/PTPRC/CHRNA7/TLR3/TLR2/NOD2/CLEC4A/ERRFI1/TLR6/LGALS9/NOD1/SPN/ARHGEF2/GSTP1/CX3CR1/JAK2/CD2/SELENOS/IFIH1/CCL3/DDT/FCGR2A",36
"GO:0032680","regulation of tumor necrosis factor production","36/1545","196/18860",0.183673469387755,2.24212403407965,5.22159233398306,3.55418696340107e-06,0.00024095674750672,0.000207706956592925,"OAS3/OAS2/OAS1/TSPO/HAVCR2/LILRB4/TMEM106A/CLU/FCGR3A/TLR1/CLEC7A/LILRB1/FCER1G/CYBB/MIF/PTPRC/CHRNA7/TLR3/TLR2/NOD2/CLEC4A/ERRFI1/TLR6/LGALS9/NOD1/SPN/ARHGEF2/GSTP1/CX3CR1/JAK2/CD2/SELENOS/IFIH1/CCL3/DDT/FCGR2A",36
"GO:0060326","cell chemotaxis","52/1545","330/18860",0.157575757575758,1.92354614102187,5.0558034561993,3.62827510968913e-06,0.000243051238597866,0.00020951242738656,"CXCL10/CXCL11/PLA2G7/RPL13A/CXCL9/C3AR1/CCL2/CMKLR1/RPS19/CCR1/BSG/FLT1/LGMN/LGALS3/TNFSF14/FCER1G/DOCK4/CCL4/CCR5/MIF/TNFAIP6/PLEKHG5/FFAR2/PERP/CXCR1/PPIA/EPHB1/CCL8/CCRL2/LGALS9/SLAMF8/CCL3L3/GSTP1/RIN3/CX3CR1/EPHA2/PRKCQ/LYST/NCKAP1L/PDE4B/CCL5/CCL3/LYN/CORO1C/PREX1/SERPINE1/CXCR4/PARVA/DDT/STAP1/IL17RC/OXSR1",52
"GO:0050688","regulation of defense response to virus","18/1545","66/18860",0.272727272727273,3.32921447484554,5.6621863838277,3.80432200858096e-06,0.00025184611696806,0.000217093694310106,"DTX3L/PARP9/HERC5/TRIM22/STAT1/TRIM38/PML/MICB/AIM2/APOBEC3F/ATG12/LILRB1/TRIM6/SPN/CD37/IL15/PPM1B/ELMOD2",18
"GO:0046631","alpha-beta T cell activation","37/1545","206/18860",0.179611650485437,2.19254092437239,5.1408299668349,4.50385539651211e-06,0.000294688306002019,0.000254024059573168,"CD274/RSAD2/LILRB4/LGALS3/LILRB1/ICOSLG/CD86/EP300/IRF1/CLEC2B/STAT4/PTPRC/IL2RG/CLEC4A/NLRP3/NFKBID/CD81/STAT5A/NKAP/LGALS9/IL2RA/SPN/CD55/CTSL/DOCK2/TMEM98/PRKCQ/NCKAP1L/TRAC/JAK2/GLI3/RASAL3/PRR7/CD80/CD69/IL15/WDFY4",37
"GO:0006809","nitric oxide biosynthetic process","20/1545","80/18860",0.25,3.05177993527508,5.4933883503635,4.86798236558815e-06,0.000314852146794994,0.000271405477805568,"OPRM1/STAT1/TSPO/GCHFR/CLU/KLF4/CLEC7A/AKT1/POR/ASL/TLR6/INSR/SOD2/HBB/DYNLL1/CX3CR1/JAK2/MTARC1/CYB5R3/GCH1",20
"GO:0070231","T cell apoptotic process","17/1545","61/18860",0.278688524590164,3.40198419014271,5.61280575064436,5.102296465327e-06,0.000326257070572671,0.000281236628136685,"CD274/IDO1/P2RX7/DOCK8/LGALS3/AKT1/SIVA1/FASLG/PERP/LGALS9/EFNA1/IL2RA/HIF1A/PRKCQ/GLI3/CCL5/FAS",17
"GO:0022904","respiratory electron transport chain","25/1545","115/18860",0.217391304347826,2.6537216828479,5.313503153966,5.22283015638121e-06,0.000330211969550079,0.00028464578782501,"NDUFV1/UQCRQ/COX4I1/NDUFB10/UQCR11/NDUFB7/NDUFS6/CHCHD2/COX6A1/NDUFC1/NDUFA2/UQCRC1/UQCRFS1/SOD2/NDUFS5/NDUFA3/COX5A/NDUFB2/NDUFA9/NDUFC2/UQCRHL/COX5B/COX8A/UQCRH/COX7A2",25
"GO:0050852","T cell receptor signaling pathway","30/1545","153/18860",0.196078431372549,2.39355289041183,5.16986762286503,5.87908088139392e-06,0.000367573201328929,0.000316851516976178,"GBP1/ELF1/EZR/LILRB4/LCP2/LGALS3/FYB1/PRAM1/BTN3A1/ICOSLG/SIVA1/CEACAM1/PTPRC/NFKBID/CD81/CD226/PHPT1/CD53/TRAC/FYN/PDE4B/TRGC1/PDE4D/INPP5D/UBASH3A/THEMIS2/THEMIS/BTN3A3/BTN2A2/TXK",30
"GO:0042776","proton motive force-driven mitochondrial ATP synthesis","18/1545","68/18860",0.264705882352941,3.23129640205597,5.5060169473362,6.0411047367974e-06,0.00037189649041318,0.000320578232361628,"NDUFV1/ATP5F1E/ATP5IF1/ATP5ME/NDUFB10/NDUFB7/NDUFS6/NDUFC1/NDUFA2/NDUFA13/NDUFS5/ATP5MG/NDUFA3/NDUFB2/NDUFA9/NDUFC2/ATP5PO/ATP5PB",18
"GO:0032611","interleukin-1 beta production","25/1545","116/18860",0.21551724137931,2.63084477178886,5.26287198991575,6.14650321813147e-06,0.00037189649041318,0.000320578232361628,"IFI16/GBP5/PML/CASP1/CARD16/LILRB4/TMEM106A/P2RX7/AIM2/TLR8/CLEC7A/NAIP/NOD2/ERRFI1/NLRP3/TLR6/LGALS9/NOD1/GSTP1/CX3CR1/JAK2/CARD8/CASP8/CCL3/MEFV",25
"GO:0032651","regulation of interleukin-1 beta production","25/1545","116/18860",0.21551724137931,2.63084477178886,5.26287198991575,6.14650321813147e-06,0.00037189649041318,0.000320578232361628,"IFI16/GBP5/PML/CASP1/CARD16/LILRB4/TMEM106A/P2RX7/AIM2/TLR8/CLEC7A/NAIP/NOD2/ERRFI1/NLRP3/TLR6/LGALS9/NOD1/GSTP1/CX3CR1/JAK2/CARD8/CASP8/CCL3/MEFV",25
"GO:0032608","interferon-beta production","17/1545","62/18860",0.274193548387097,3.34711347739848,5.52950727174572,6.49756770013721e-06,0.000384861194196549,0.00033175392755936,"OAS3/OAS2/TRIM38/OAS1/IRF7/TLR8/LILRB1/ZC3HAV1/IRF1/NMI/TLR3/TLR2/REL/IFIH1/PPM1B/TLR7/ISG15",17
"GO:0032648","regulation of interferon-beta production","17/1545","62/18860",0.274193548387097,3.34711347739848,5.52950727174572,6.49756770013721e-06,0.000384861194196549,0.00033175392755936,"OAS3/OAS2/TRIM38/OAS1/IRF7/TLR8/LILRB1/ZC3HAV1/IRF1/NMI/TLR3/TLR2/REL/IFIH1/PPM1B/TLR7/ISG15",17
"GO:0071674","mononuclear cell migration","40/1545","235/18860",0.170212765957447,2.07780761550644,4.96637332387725,7.3459779204986e-06,0.000430581434985892,0.000371165200193613,"CXCL10/CXCL11/PLA2G7/RPL13A/CD9/C3AR1/CCL2/CMKLR1/RPS19/CCR1/FLT1/DOCK8/LGMN/LGALS3/TNFSF14/AKT1/CCL4/P4HB/CCR5/MIF/CXCR1/CD81/LGALS9/STK10/SLAMF8/SPN/CX3CR1/PECAM1/MSN/CCL5/ECM1/CCL3/LYN/CORO1C/SERPINE1/CD69/CXCR4/DDT/STAP1/OXSR1",40
"GO:0046651","lymphocyte proliferation","49/1545","312/18860",0.157051282051282,1.91714380549332,4.87953586800197,7.52716426600048e-06,0.000436653127059636,0.000376399055211397,"CD274/RPL13A/IGFBP2/TNFSF13B/IDO1/HAVCR2/LILRB4/P2RX7/DOCK8/LGALS3/FCGR3A/PDCD1LG2/TNFSF14/BTN3A1/LILRB1/ICOSLG/CD86/MIF/IRF1/SCGB1A1/SDC4/MNDA/PTPRC/TNFRSF1B/SLC11A1/CD81/STAT5A/LGALS9/IL2RA/SPN/CD55/DOCK2/GAPT/PRKCQ/NCKAP1L/JAK2/FYN/MSN/PRDX2/RASAL3/CCL5/NCSTN/LYN/INPP5D/CD37/CD80/IL15/BTN2A2/CD4",49
"GO:0002460","adaptive immune response based on somatic recombination of immune receptors built from immunoglobulin superfamily domains","59/1545","402/18860",0.146766169154229,1.79159220080826,4.79219560550079,8.21999852534588e-06,0.000471978894919605,0.000406850195540213,"CD274/RSAD2/TNFSF13B/HAVCR2/IRF7/LILRB4/MICA/CLU/P2RX7/FCGR3A/TLR8/CTSH/CLEC7A/LILRB1/FCER1G/SUPT6H/EP300/CYRIB/STAT4/CEACAM1/PTPRC/IGHA1/UNC13D/UNC93B1/TNFRSF1B/SLC11A1/NBN/IGHA2/USP5/NLRP3/KLRD1/NFKBID/CD81/IGHG3/STAT5A/C1QC/LGALS9/IGHG4/SPN/CD55/CD226/PRF1/C1QB/TMEM98/IGKC/PRKCQ/IGLC2/NCKAP1L/JAK2/BACH2/INPP5D/CD80/CD69/IGLL5/FCGR2A/BTN3A3/C2/CD4/UFL1",59
"GO:0002697","regulation of immune effector process","61/1545","421/18860",0.144893111638955,1.76872756343734,4.76493678471961,8.74899632038437e-06,0.000495771733298646,0.000427359843431605,"CD274/DDX60/RSAD2/SERPING1/APOA2/HAVCR2/RPS19/PKP3/LILRB4/MICA/CLU/P2RX7/CD84/LGALS3/GAB2/PRAM1/CLEC7A/LILRB1/FCER1G/NR4A3/CD86/SUPT6H/EP300/CYRIB/CD59/MIF/SERPINB9/CEACAM1/PTPRC/IL2RG/UNC13D/TLR3/TNFRSF1B/TRIM6/FFAR2/NOD2/USP5/NLRP3/KLRD1/NFKBID/CD81/STAT5A/LGALS9/NOD1/SLAMF8/CUEDC2/SPN/CD55/CD226/CX3CR1/NCKAP1L/LYN/INPP5D/CD37/CD80/CD69/STAP1/TLR7/LITAF/SLC7A5/UFL1",61
"GO:0030218","erythrocyte differentiation","30/1545","156/18860",0.192307692307692,2.34752302713468,5.04828159272174,8.81058704991373e-06,0.000495771733298646,0.000427359843431605,"STAT1/RPS19/GLUL/RPS14/ATP5IF1/MB/CITED2/P4HTM/DNASE2/SLC1A5/STAT5A/SELENOW/HBB/PLA2G10/INHBA/HCLS1/MED1/RCOR1/HIF1A/NCKAP1L/DMTN/JAK2/SLC25A5/HNRNPU/LYN/INPP5D/TMEM14C/ZBTB7A/ISG15/UFL1",30
"GO:0035458","cellular response to interferon-beta","11/1545","29/18860",0.379310344827586,4.6302867983484,5.84407213341107,9.30944497670795e-06,0.000518655909741937,0.000447086216286297,"IFI16/STAT1/OAS1/PNPT1/AIM2/IRF1/MNDA/TLR3/TRIM6/NDUFA13/CDC34",11
"GO:0002443","leukocyte mediated immunity","68/1545","488/18860",0.139344262295082,1.70099209507136,4.68659189775934,1.03972166668418e-05,0.000573579786120774,0.000494431108367463,"CD274/RSAD2/HAVCR2/SLAMF7/IRF7/LILRB4/MICA/TUBB4B/CLU/P2RX7/CD84/S100A13/FCGR3A/TLR8/GAB2/CTSH/PRAM1/CLEC7A/LILRB1/FCER1G/NR4A3/SUPT6H/MILR1/CYRIB/SERPINB9/CEACAM1/PTPRC/IGHA1/UNC13D/UNC93B1/TLR3/TNFRSF1B/NOD2/RNF19B/NBN/IGHA2/USP5/NLRP3/KLRD1/CD81/IGHG3/STAT5A/C1QC/LGALS9/IGHG4/SPN/CD55/CD226/PRF1/C1QB/IGKC/CX3CR1/IGLC2/LYST/NCKAP1L/CD2/CBL/SCNN1B/CCL3/LYN/INPP5D/CD80/IGLL5/STAP1/FCGR2A/BTN3A3/C2/UFL1",68
"GO:0002819","regulation of adaptive immune response","38/1545","224/18860",0.169642857142857,2.07085067036523,4.81602680401869,1.331454935685e-05,0.00071464598602011,0.000616031484212522,"CD274/RSAD2/TNFSF13B/HAVCR2/IRF7/LILRB4/P2RX7/CLEC7A/LILRB1/FCER1G/SUPT6H/EP300/CYRIB/IRF1/CEACAM1/PTPRC/TNFRSF1B/SAMSN1/SLC11A1/USP5/NLRP3/KLRD1/NFKBID/ADCY7/CD81/STAT5A/LGALS9/SPN/CD55/ALOX15/CD226/PRKCQ/NCKAP1L/JAK2/CD80/CD69/CD4/UFL1",38
"GO:0032479","regulation of type I interferon production","27/1545","136/18860",0.198529411764706,2.42347230154198,4.97658565131863,1.33353169596786e-05,0.00071464598602011,0.000616031484212522,"XAF1/OAS3/SIGLEC1/OAS2/STAT1/TRIM38/OAS1/HAVCR2/IRF7/TRIM21/TLR8/ATG12/LILRB1/QKI/ZC3HAV1/IRF1/NMI/TLR3/TLR2/CLEC12A/TRAF3IP3/REL/IFIH1/PPM1B/TLR7/TANK/ISG15",27
"GO:0032606","type I interferon production","27/1545","136/18860",0.198529411764706,2.42347230154198,4.97658565131863,1.33353169596786e-05,0.00071464598602011,0.000616031484212522,"XAF1/OAS3/SIGLEC1/OAS2/STAT1/TRIM38/OAS1/HAVCR2/IRF7/TRIM21/TLR8/ATG12/LILRB1/QKI/ZC3HAV1/IRF1/NMI/TLR3/TLR2/CLEC12A/TRAF3IP3/REL/IFIH1/PPM1B/TLR7/TANK/ISG15",27
"GO:0032943","mononuclear cell proliferation","49/1545","319/18860",0.153605015673981,1.87507481916588,4.70854012467743,1.38905368635265e-05,0.000737377838972299,0.00063562655280169,"CD274/RPL13A/IGFBP2/TNFSF13B/IDO1/HAVCR2/LILRB4/P2RX7/DOCK8/LGALS3/FCGR3A/PDCD1LG2/TNFSF14/BTN3A1/LILRB1/ICOSLG/CD86/MIF/IRF1/SCGB1A1/SDC4/MNDA/PTPRC/TNFRSF1B/SLC11A1/CD81/STAT5A/LGALS9/IL2RA/SPN/CD55/DOCK2/GAPT/PRKCQ/NCKAP1L/JAK2/FYN/MSN/PRDX2/RASAL3/CCL5/NCSTN/LYN/INPP5D/CD37/CD80/IL15/BTN2A2/CD4",49
"GO:0050870","positive regulation of T cell activation","43/1545","267/18860",0.161048689138577,1.96594063246185,4.74836019138416,1.42240588555866e-05,0.000745639646723845,0.000642748307895855,"CD274/IGFBP2/TNFSF13B/HAVCR2/CCL2/LILRB4/DOCK8/PDCD1LG2/BAD/TNFSF14/LILRB1/AKT1/ICOSLG/CD86/EP300/CYRIB/PTPRC/IL2RG/NOD2/NLRP3/NFKBID/RHOH/CD81/STAT5A/NKAP/LGALS9/IL2RA/SPN/CD55/PRKCQ/NCKAP1L/JAK2/FYN/GLI3/RASAL3/VNN1/CCL5/LYN/CD80/IL15/BTN2A2/CD4/UFL1",43
"GO:0006935","chemotaxis","66/1545","474/18860",0.139240506329114,1.69972553357093,4.60877587749696,1.43111927929936e-05,0.000745639646723845,0.000642748307895855,"CXCL10/CXCL11/PLA2G7/RPL13A/CXCL9/SEMA6D/C3AR1/CCL2/CMKLR1/RPS19/CCR1/BSG/FLT1/LGMN/LGALS3/FPR3/TNFSF14/CCN1/FCER1G/DOCK4/CCL4/CTTN/CYRIB/CCR5/MIF/TNFAIP6/PLEKHG5/FFAR2/PERP/CXCR1/PPIA/EPHB1/CCL8/CCRL2/LGALS9/SLAMF8/SPN/CCL3L3/DOCK2/GSTP1/RIN3/SUCNR1/S100A4/CX3CR1/EPHA2/PRKCQ/LYST/NCKAP1L/PDE4B/CCL5/FLRT2/SEMA4D/CCL3/LYN/CORO1C/PREX1/RALA/SERPINE1/CXCR4/SEMA3F/PARVA/DDT/STAP1/ANOS1/IL17RC/OXSR1",66
"GO:0002263","cell activation involved in immune response","50/1545","329/18860",0.151975683890578,1.85518537098789,4.67434871311297,1.53071650888729e-05,0.000790214843624659,0.000681172542052403,"SEMA6D/HAVCR2/CLEC4E/CD84/S100A13/LGALS3/FCGR3A/GAB2/PRAM1/LILRB1/FCER1G/ICOSLG/NR4A3/CD86/SUPT6H/MILR1/EP300/STAT4/CEACAM1/NMI/PTPRC/UNC13D/SLC11A1/CLEC12A/NBN/NLRP3/NFKBID/CD81/STAT5A/LGALS9/SPN/DOCK2/GAPT/LRP1/SUCNR1/TMEM98/CX3CR1/NCKAP1L/JAK2/DOCK10/CBL/IFI35/SCNN1B/CCL3/LYN/CD80/CD69/DOCK11/APBB1IP/LCP1",50
"GO:0070661","leukocyte proliferation","53/1545","356/18860",0.148876404494382,1.81735209628741,4.65065040296048,1.55685665660363e-05,0.000796402946064421,0.000686506743887993,"CD274/RPL13A/IGFBP2/TNFSF13B/IDO1/HAVCR2/LILRB4/CLU/P2RX7/DOCK8/LGALS3/FCGR3A/PDCD1LG2/TNFSF14/BTN3A1/LILRB1/ICOSLG/CD86/MIF/IRF1/SCGB1A1/SDC4/MNDA/CSF2RA/PTPRC/TNFRSF1B/SLC11A1/CD81/STAT5A/CCL8/LGALS9/IL2RA/SPN/CD55/DOCK2/GAPT/GSTP1/PRKCQ/NCKAP1L/JAK2/FYN/MSN/PRDX2/RASAL3/CCL5/NCSTN/LYN/INPP5D/CD37/CD80/IL15/BTN2A2/CD4",53
"GO:0042330","taxis","66/1545","476/18860",0.138655462184874,1.69258382964836,4.57159914022285,1.64037383814294e-05,0.000831566088939669,0.00071681769996801,"CXCL10/CXCL11/PLA2G7/RPL13A/CXCL9/SEMA6D/C3AR1/CCL2/CMKLR1/RPS19/CCR1/BSG/FLT1/LGMN/LGALS3/FPR3/TNFSF14/CCN1/FCER1G/DOCK4/CCL4/CTTN/CYRIB/CCR5/MIF/TNFAIP6/PLEKHG5/FFAR2/PERP/CXCR1/PPIA/EPHB1/CCL8/CCRL2/LGALS9/SLAMF8/SPN/CCL3L3/DOCK2/GSTP1/RIN3/SUCNR1/S100A4/CX3CR1/EPHA2/PRKCQ/LYST/NCKAP1L/PDE4B/CCL5/FLRT2/SEMA4D/CCL3/LYN/CORO1C/PREX1/RALA/SERPINE1/CXCR4/SEMA3F/PARVA/DDT/STAP1/ANOS1/IL17RC/OXSR1",66
"GO:0051092","positive regulation of NF-kappaB transcription factor activity","19/1545","80/18860",0.2375,2.89919093851133,5.0848500842442,1.84467799253832e-05,0.000926785987858316,0.00079889813812186,"EIF2AK2/TRIM5/CARD16/CLU/CIB1/AIM2/RIPK4/PRKCH/TRAF1/TLR2/NOD2/NLRP3/PPIA/LGALS9/NOD1/ARHGEF2/PRKCQ/CARD14/ZBTB7A",19
"GO:0046596","regulation of viral entry into host cell","9/1545","21/18860",0.428571428571429,5.23162274618585,5.79562118730435,1.92432693880373e-05,0.000949841024969176,0.000818771794460535,"TRIM38/TRIM5/BSG/TRIM21/P4HB/LGALS9/TMPRSS2/TRIM25/CD4",9
"GO:1901739","regulation of myoblast fusion","9/1545","21/18860",0.428571428571429,5.23162274618585,5.79562118730435,1.92432693880373e-05,0.000949841024969176,0.000818771794460535,"CXCL10/CXCL9/CFLAR/TNFSF14/SCGB3A1/GDF15/CCL8/CD53/PLEKHO1",9
"GO:0001911","negative regulation of leukocyte mediated cytotoxicity","11/1545","31/18860",0.354838709677419,4.33155861780979,5.54532497470072,1.95443287314106e-05,0.000955400947469237,0.000823564499347739,"HAVCR2/MICA/LILRB1/SERPINB9/CEACAM1/PTPRC/KLRD1/LGALS9/CX3CR1/NCKAP1L/INPP5D",11
"GO:0050727","regulation of inflammatory response","64/1545","460/18860",0.139130434782609,1.69838187702265,4.52976101201268,1.96954878099221e-05,0.000955400947469237,0.000823564499347739,"GBP1/PLA2G7/IFI16/USP18/GBP5/IDO1/CASP4/CASP1/RPS19/CCR1/GBP2/IL10RA/AIM2/KLF4/ACE2/PIK3AP1/FCER1G/CASP5/NAIP/TNFAIP6/SCGB1A1/NMI/PTPRC/TLR3/TLR2/TNFRSF1B/FFAR2/NOD2/CLEC12A/NLRP3/AOAH/TLR6/CD81/GPX1/STAT5A/SLAMF8/IL2RA/SPN/PLA2G10/ALOX15/C15orf39/BIRC3/RICTOR/NUPR1/GSTP1/SUCNR1/JAK2/FYN/SELENOS/CARD8/CCL5/IFI35/CASP8/CCL3/LYN/AREL1/TRADD/SERPINE1/DDT/IL15/STAP1/TLR7/MEFV/UFL1",64
"GO:0097529","myeloid leukocyte migration","39/1545","237/18860",0.164556962025316,2.00876653967474,4.66823106171435,2.12351629928921e-05,0.00102128429197439,0.000880356554847024,"CXCL10/PLA2G7/RPL13A/CXCL9/CD9/C3AR1/CCL2/CMKLR1/RPS19/CCR1/BSG/FLT1/LGMN/LGALS3/FCER1G/CCL4/MIF/TNFAIP6/PERP/CXCR1/CD81/PPIA/CCL8/SLAMF8/FAM3D/RIN3/CX3CR1/NCKAP1L/PECAM1/PDE4B/CCL5/CCL3/LYN/CORO1C/PREX1/SERPINE1/DDT/STAP1/IL17RC",39
"GO:2001233","regulation of apoptotic signaling pathway","58/1545","406/18860",0.142857142857143,1.74387424872862,4.52615692847963,2.20252850740346e-05,0.00105030745009824,0.000905374786986187,"RPL26/SP100/PML/IFI6/RPS7/CLU/CFLAR/TPT1/LGALS3/TNFSF10/WFS1/BAD/KLF4/CTSH/TNFSF14/SEPTIN4/SLC25A6/AKT1/P4HB/CTTN/LMNA/MIF/USP15/FASLG/PTPRC/TNFSF15/TRAF1/FIS1/PPP2R1B/MCL1/GRINA/TLR6/GPX1/PPIA/SOD2/RACK1/INHBA/QARS1/STK4/ARHGEF2/NUPR1/GSTP1/HIF1A/CX3CR1/JAK2/FYN/SELENOS/PTTG1IP/PRDX2/VNN1/BCL2L14/UNC5B/SLC25A5/FAS/TRAF7/IL20RA/SERPINE1/EYA2",58
"GO:0002366","leukocyte activation involved in immune response","49/1545","325/18860",0.150769230769231,1.84045805327359,4.56534657689867,2.29742582835862e-05,0.00108635421312386,0.000936447431851084,"SEMA6D/HAVCR2/CLEC4E/CD84/S100A13/LGALS3/FCGR3A/GAB2/PRAM1/LILRB1/FCER1G/ICOSLG/NR4A3/CD86/SUPT6H/MILR1/EP300/STAT4/CEACAM1/NMI/PTPRC/UNC13D/SLC11A1/CLEC12A/NBN/NLRP3/NFKBID/CD81/STAT5A/LGALS9/SPN/DOCK2/GAPT/SUCNR1/TMEM98/CX3CR1/NCKAP1L/JAK2/DOCK10/CBL/IFI35/SCNN1B/CCL3/LYN/CD80/CD69/DOCK11/APBB1IP/LCP1",49
"GO:0001771","immunological synapse formation","8/1545","17/18860",0.470588235294118,5.74452693698839,5.84594435930014,2.47035366575905e-05,0.00115839000643552,0.000998542955422606,"HAVCR2/DOCK8/LGALS3/CD81/EPHB1/DOCK2/PRF1/MSN",8
"GO:0051090","regulation of DNA-binding transcription factor activity","33/1545","189/18860",0.174603174603175,2.1314018595572,4.66956392355062,2.64045722553553e-05,0.00122134727011979,0.00105281270204971,"EIF2AK2/TRIM5/PBX1/HAVCR2/CMKLR1/TRIM21/CARD16/CLU/COMMD6/CIB1/AIM2/RIPK4/EP300/PRKCH/MTURN/TRAF1/TLR2/NOD2/NLRP3/PPIA/LGALS9/NOD1/ARHGEF2/NUPR1/PRKCQ/ID1/ESR2/NLRC5/ARRB1/CARD14/ZBTB7A/BRMS1/UFL1",33
"GO:0002696","positive regulation of leukocyte activation","55/1545","381/18860",0.144356955380577,1.76218263979139,4.48946543210572,2.6480250036363e-05,0.00122134727011979,0.00105281270204971,"CD274/RPL13A/IGFBP2/TNFSF13B/HAVCR2/CCL2/LILRB4/DOCK8/FCGR3A/PDCD1LG2/BAD/TNFSF14/CLEC7A/LILRB1/AKT1/ICOSLG/NR4A3/CD86/EP300/CYRIB/MIF/PTPRC/IL2RG/BLOC1S6/NOD2/NLRP3/NFKBID/RHOH/TLR6/CD81/STAT5A/NKAP/LGALS9/IL2RA/SPN/CD55/CD226/PRKCQ/NCKAP1L/JAK2/FYN/GLI3/CD2/RASAL3/VNN1/CCL5/CCL3/LYN/INPP5D/CD80/IL15/STAP1/BTN2A2/CD4/UFL1",55
"GO:0071888","macrophage apoptotic process","7/1545","13/18860",0.538461538461538,6.5730644759771,6.00422491899819,2.69414137442914e-05,0.00123098172180315,0.00106111768897495,"IRF7/PLEKHO2/CCR5/NOD2/CTSL/SELENOS/CCL5",7
"GO:0045333","cellular respiration","50/1545","336/18860",0.148809523809524,1.81653567575898,4.51117568996664,2.71266631426321e-05,0.00123098172180315,0.00106111768897495,"OAS1/NDUFV1/ATP5F1E/UQCRQ/SLC25A25/PNPT1/P2RX7/ATP5IF1/ABCC9/COX4I1/ATP5ME/NDUFB10/UQCR11/NDUFB7/NR4A3/NDUFS6/CHCHD2/EP300/COX6A1/JMJD8/NDUFC1/NOP53/NDUFA2/UQCRC1/UQCRFS1/NDUFA13/INSR/SOD2/NDUFS5/ATP5MG/NDUFA3/NUPR1/BLOC1S1/HIF1A/ACO2/CISD1/ACO1/COX5A/NDUFB2/NDUFA9/NDUFC2/UQCRHL/COX5B/ATP5PO/ATP5PB/ZBTB7A/MTLN/COX8A/UQCRH/COX7A2",50
"GO:0015986","proton motive force-driven ATP synthesis","18/1545","76/18860",0.236842105263158,2.89115993868166,4.93461574347578,3.16304740940112e-05,0.00142387742181601,0.00122739557579119,"NDUFV1/ATP5F1E/ATP5IF1/ATP5ME/NDUFB10/NDUFB7/NDUFS6/NDUFC1/NDUFA2/NDUFA13/NDUFS5/ATP5MG/NDUFA3/NDUFB2/NDUFA9/NDUFC2/ATP5PO/ATP5PB",18
"GO:2001236","regulation of extrinsic apoptotic signaling pathway","30/1545","167/18860",0.179640718562874,2.19289576187431,4.62523232721178,3.47328946097975e-05,0.00155112696801056,0.00133708586768544,"SP100/PML/IFI6/CFLAR/LGALS3/TNFSF10/KLF4/TNFSF14/AKT1/CTTN/LMNA/FASLG/PTPRC/TNFSF15/TRAF1/PPP2R1B/MCL1/GRINA/TLR6/GPX1/INHBA/STK4/ARHGEF2/GSTP1/FYN/PRDX2/BCL2L14/UNC5B/SERPINE1/EYA2",30
"GO:0032729","positive regulation of type II interferon production","18/1545","77/18860",0.233766233766234,2.85361240701047,4.8684883514848,3.81557288759647e-05,0.00169056918413428,0.00145728635441728,"HAVCR2/TLR8/BTN3A1/CLEC7A/LILRB1/CYRIB/TLR3/SLC11A1/LGALS9/CD226/JAK2/CD2/PDE4B/PDE4D/TLR7/ISG15/SLC7A5/TXK",18
"GO:0001818","negative regulation of cytokine production","57/1545","405/18860",0.140740740740741,1.71803907467338,4.36345889968799,3.97183081265757e-05,0.00174605406115813,0.00150511483427024,"XAF1/OAS3/GBP1/SIGLEC1/CD274/OAS1/TSPO/APOA2/IDO1/EZR/PML/HAVCR2/N4BP1/CMKLR1/CCR1/CARD16/LILRB4/CD84/PDCD1LG2/TLR8/ATG12/KLF4/LILRB1/QKI/SCGB1A1/CEACAM1/NMI/PTPRC/CHRNA7/CLEC4A/SLC11A1/ERRFI1/NLRP3/TLR6/ADCY7/LGALS9/KLF15/REL/CUEDC2/PLA2G10/INHBA/FBLN1/SIGIRR/GSTP1/CX3CR1/EPHA2/NCKAP1L/NPTN/JAK2/ATP2B1/SELENOS/CARD8/ARRB1/INPP5D/PPM1B/BTN2A2/MEFV",57
"GO:1904407","positive regulation of nitric oxide metabolic process","13/1545","45/18860",0.288888888888889,3.52650125854009,5.06857630136996,4.30320761935013e-05,0.00187706583520025,0.00161804820154756,"STAT1/TMEM106A/CLU/KLF4/CLEC7A/AKT1/ASL/TLR6/INSR/SOD2/HBB/HIF1A/JAK2",13
"GO:0042742","defense response to bacterium","52/1545","361/18860",0.14404432132964,1.75836627849645,4.34581077503187,4.60543783003907e-05,0.00199344605150999,0.00171836903002591,"OAS3/GBP1/OAS2/ZNFX1/GBP4/ROMO1/GBP5/OAS1/RNF213/SLPI/CASP4/HAVCR2/CASP1/CLEC4E/RPS19/RPL30/RPL39/MICA/P2RX7/GBP2/FAU/FCER1G/BPIFA1/NAIP/MPEG1/IGHA1/TLR3/TLR2/NOD2/SLC11A1/IGHA2/TLR6/IGHG3/NOD1/IGHM/IGHG4/SLAMF8/SPN/H2BC21/HTN3/EPHA2/CASP7/WFDC2/LYST/SCNN1B/PI3/SERPINE1/GSDMB/EMILIN2/TF/ISG15/CD4",52
"GO:1903039","positive regulation of leukocyte cell-cell adhesion","44/1545","289/18860",0.152249134948097,1.85852342079036,4.39334944196309,4.64264945811601e-05,0.00199421286265792,0.00171903002836469,"CD274/IGFBP2/TNFSF13B/HAVCR2/CCL2/LILRB4/DOCK8/PDCD1LG2/BAD/TNFSF14/LILRB1/AKT1/ICOSLG/NR4A3/CD86/EP300/CYRIB/PTPRC/IL2RG/NOD2/NLRP3/NFKBID/RHOH/CD81/STAT5A/NKAP/LGALS9/IL2RA/SPN/CD55/PRKCQ/NCKAP1L/JAK2/FYN/GLI3/RASAL3/VNN1/CCL5/LYN/CD80/IL15/BTN2A2/CD4/UFL1",44
"GO:0007005","mitochondrion organization","58/1545","417/18860",0.139088729016787,1.69787276974537,4.30467949411652,4.79157585449486e-05,0.00204259070706383,0.00176073218002491,"IFIT2/ROMO1/TOMM7/IFI6/PNPT1/CLU/P2RX7/ATP5IF1/TNFSF10/ABCC9/BAD/SLC25A6/AKT1/NDUFS6/CHCHD2/EP300/LMNA/JTB/CYRIB/SIVA1/STAT2/MARCKS/TIMM13/UQCRFS1/PPM1K/LONP1/FIS1/ECSIT/NDUFA13/MCL1/FMC1/GPX1/VPS13D/SOD2/NDUFS5/PPP2CB/COA4/COA3/TOMM5/DDHD1/CHCHD6/TOMM20/ATAD3A/MYH14/SLC25A5/ALKBH7/COX16/SMIM20/DMAC1/NDUFC2/NME3/LETM2/MICOS13/OPA3/RALA/MAPT/CHCHD10/EYA2",58
"GO:0002291","T cell activation via T cell receptor contact with antigen bound to MHC molecule on antigen presenting cell","7/1545","14/18860",0.5,6.10355987055016,5.70610767438914,5.00646369325368e-05,0.00211814821067207,0.0018258634506144,"SEMA6D/HAVCR2/LGALS3/LILRB1/CD81/LGALS9/APBB1IP",7
"GO:0045428","regulation of nitric oxide biosynthetic process","16/1545","65/18860",0.246153846153846,3.00482947473239,4.836434117379,5.20015260844387e-05,0.00218367602445624,0.00188234903532674,"OPRM1/STAT1/TSPO/GCHFR/CLU/KLF4/CLEC7A/AKT1/ASL/TLR6/INSR/SOD2/HBB/DYNLL1/CX3CR1/JAK2",16
"GO:0042102","positive regulation of T cell proliferation","22/1545","108/18860",0.203703703703704,2.48663550281673,4.62812313170413,5.42879287508027e-05,0.00226280129689457,0.00195055575581831,"CD274/IGFBP2/TNFSF13B/HAVCR2/PDCD1LG2/ICOSLG/CD86/PTPRC/CD81/STAT5A/LGALS9/IL2RA/SPN/CD55/PRKCQ/NCKAP1L/JAK2/RASAL3/CCL5/CD80/IL15/CD4",22
"GO:0050867","positive regulation of cell activation","56/1545","401/18860",0.139650872817955,1.70473492643795,4.26094787207465,5.74528873051228e-05,0.00237711321224945,0.00204909368964401,"CD274/RPL13A/IGFBP2/TNFSF13B/HAVCR2/CCL2/LILRB4/DOCK8/FCGR3A/PDCD1LG2/BAD/TNFSF14/CLEC7A/LILRB1/AKT1/ICOSLG/NR4A3/CD86/EP300/PLEK/CYRIB/MIF/PTPRC/IL2RG/BLOC1S6/NOD2/NLRP3/NFKBID/RHOH/TLR6/CD81/STAT5A/NKAP/LGALS9/IL2RA/SPN/CD55/CD226/PRKCQ/NCKAP1L/JAK2/FYN/GLI3/CD2/RASAL3/VNN1/CCL5/CCL3/LYN/INPP5D/CD80/IL15/STAP1/BTN2A2/CD4/UFL1",56
"GO:0046634","regulation of alpha-beta T cell activation","24/1545","124/18860",0.193548387096774,2.36266833698716,4.54752287845443,6.05116489086021e-05,0.00248539451393214,0.00214243317841597,"CD274/LILRB4/LGALS3/LILRB1/CD86/EP300/IRF1/PTPRC/IL2RG/NLRP3/NFKBID/CD81/STAT5A/NKAP/LGALS9/IL2RA/CD55/PRKCQ/NCKAP1L/JAK2/GLI3/RASAL3/CD80/CD69",24
"GO:0002573","myeloid leukocyte differentiation","40/1545","257/18860",0.155642023346304,1.89994081573546,4.33911681401376,6.14243474057204e-05,0.00250460002066658,0.00215898850378001,"IFI16/IRF7/CCR1/LILRB4/CFLAR/LRRK1/GAB2/LILRB1/FCER1G/BATF2/QKI/TNFAIP6/JUN/CEACAM1/EVI2B/CITED2/TLR3/TLR2/PDE1B/CD81/STAT5A/C1QC/NKAP/INHBA/HCLS1/MED1/CD109/EPHA2/CD101/PIR/CASP8/CCL3/LYN/INPP5D/CORO1C/TOB2/IL15/TF/CD4/TFE3",40
"GO:0042325","regulation of phosphorylation","59/1545","431/18860",0.136890951276102,1.67104423370051,4.20970073360756,6.54112850418042e-05,0.00263125932269168,0.00226816999971252,"WARS1/PARP14/PARP9/HERC5/RAP2C/FLT1/LCP2/CIB1/SERTAD1/AKT1/MT3/FGFR3/JTB/MIF/NOP53/CEACAM1/STAT2/PIK3R5/PTPRC/TNFSF15/SDCBP/TLR3/TRIM6/SAMSN1/ERRFI1/GADD45A/TLR6/PPIA/RACK1/CAMKK2/MYDGF/EFNA1/INHBA/FBLN1/CCNY/DYNLL1/STK4/ARHGEF2/PLXNB2/NPTN/DMTN/JAK2/CAMK1/NLRC5/RAP2B/ARRB1/CARD14/HNRNPU/SEMA4D/KIF14/LYN/ODAM/CORO1C/SYNPO2/CD80/ZNF268/IL15/CD4/TRAF4",59
"GO:0002704","negative regulation of leukocyte mediated immunity","18/1545","80/18860",0.225,2.74660194174757,4.6763118181249,6.54658441757304e-05,0.00263125932269168,0.00226816999971252,"CD274/HAVCR2/LILRB4/MICA/CD84/LILRB1/SERPINB9/CEACAM1/PTPRC/USP5/KLRD1/LGALS9/SPN/CX3CR1/NCKAP1L/INPP5D/CD80/UFL1",18
"GO:0033003","regulation of mast cell activation","8/1545","19/18860",0.421052631578947,5.13983989098961,5.3928792332517,6.61730917142218e-05,0.00264082260337536,0.00227641363657435,"PLSCR1/CD84/NR4A3/PTPRE/MILR1/CD300LF/CD226/LYN",8
"GO:0032728","positive regulation of interferon-beta production","12/1545","41/18860",0.292682926829268,3.57281553398058,4.92622938715043,7.32919122020454e-05,0.00290432105606274,0.00250355175260953,"OAS3/OAS2/OAS1/IRF7/TLR8/ZC3HAV1/IRF1/TLR3/TLR2/IFIH1/TLR7/ISG15",12
"GO:0002685","regulation of leukocyte migration","37/1545","233/18860",0.158798283261803,1.93846965845799,4.30565336813583,7.43790708151964e-05,0.00292679042990986,0.00252292056176978,"CXCL10/PLA2G7/CD9/C3AR1/CCL2/CMKLR1/CCR1/DOCK8/LGMN/LGALS3/TNFSF14/AKT1/CCL4/P4HB/MIF/TNFAIP6/GDF15/PERP/CD81/CCL8/LGALS9/STK10/SLAMF8/SPN/RIN3/CX3CR1/NCKAP1L/MSN/CCL5/ECM1/CCL3/LYN/SERPINE1/CD69/DDT/STAP1/OXSR1",37
"GO:0031348","negative regulation of defense response","46/1545","313/18860",0.146964856230032,1.79401759773359,4.23133864799686,7.59858712136009e-05,0.0029692534536037,0.00255952408298445,"OAS3/IFI16/PARP14/USP18/SERPING1/TRIM38/OAS1/HAVCR2/RPS19/TRIM21/MICA/TRAFD1/IL10RA/MICB/ATG12/KLF4/LILRB1/SERPINB9/TNFAIP6/CEACAM1/USP15/STAT2/NMI/PTPRC/TNFRSF1B/CLEC12A/NLRP3/KLRD1/AOAH/GPX1/LGALS9/SLAMF8/IL2RA/SPN/PLA2G10/C15orf39/GSTP1/FYN/SELENOS/NLRC5/FRK/LYN/INPP5D/PPM1B/ISG15/MEFV",46
"GO:1903706","regulation of hemopoiesis","60/1545","443/18860",0.135440180586907,1.65333450218063,4.15662013337415,7.72838357170869e-05,0.00299914581779343,0.00258529157883366,"H4C8/STAT1/IRF7/CCR1/GLUL/LILRB4/CIB1/BAD/LILRB1/NFAM1/CD86/QKI/EP300/IRF1/TNFAIP6/CEACAM1/EVI2B/PTPRC/IL2RG/MTURN/TLR3/P4HTM/CLEC12A/NLRP3/NFKBID/RHOH/STAT5A/C1QC/NKAP/LGALS9/H4C15/SLAMF8/IL2RA/INHBA/HCLS1/KAT6A/MED1/RCOR1/HIF1A/NCKAP1L/GLI3/CD2/CD101/PRDX2/VNN1/CASP8/CCL3/LYN/INPP5D/TMEM176A/CORO1C/CD80/CD69/TOB2/ZEB1/IL15/ISG15/BTN2A2/CD4/TFE3",60
"GO:0002820","negative regulation of adaptive immune response","17/1545","74/18860",0.22972972972973,2.80433831890143,4.64546291503097,7.85385360669314e-05,0.0030206565513638,0.00260383403116261,"CD274/HAVCR2/LILRB4/LILRB1/CEACAM1/PTPRC/SAMSN1/USP5/KLRD1/STAT5A/LGALS9/SPN/ALOX15/NCKAP1L/CD80/CD69/UFL1",17
"GO:0002688","regulation of leukocyte chemotaxis","24/1545","126/18860",0.19047619047619,2.32516566497149,4.45812779450791,7.89117670251428e-05,0.0030206565513638,0.00260383403116261,"CXCL10/PLA2G7/C3AR1/CCL2/CMKLR1/CCR1/LGMN/TNFSF14/CCL4/MIF/TNFAIP6/PERP/LGALS9/SLAMF8/RIN3/CX3CR1/NCKAP1L/CCL5/CCL3/LYN/SERPINE1/DDT/STAP1/OXSR1",24
"GO:0002548","monocyte chemotaxis","14/1545","54/18860",0.259259259259259,3.16480882176675,4.75861464962898,8.231477771962e-05,0.00312963009613718,0.00269777023991472,"CXCL10/PLA2G7/CCL2/RPS19/CCR1/FLT1/LGMN/LGALS3/SLAMF8/CX3CR1/CCL5/CCL3/LYN/SERPINE1",14
"GO:0060142","regulation of syncytium formation by plasma membrane fusion","10/1545","30/18860",0.333333333333333,4.06903991370011,5.02516502149237,8.63642780179839e-05,0.00323636300552351,0.00278977500013139,"CXCL10/CXCL9/CFLAR/TNFSF14/SCGB3A1/GDF15/CCL8/CD53/PLEKHO1/CAMK1",10
"GO:0046598","positive regulation of viral entry into host cell","7/1545","15/18860",0.466666666666667,5.69665587918015,5.43561418987576,8.72279239509365e-05,0.00323636300552351,0.00278977500013139,"TRIM38/BSG/TRIM21/P4HB/LGALS9/TMPRSS2/CD4",7
"GO:0075294","positive regulation by symbiont of entry into host","7/1545","15/18860",0.466666666666667,5.69665587918015,5.43561418987576,8.72279239509365e-05,0.00323636300552351,0.00278977500013139,"TRIM38/BSG/TRIM21/P4HB/LGALS9/TMPRSS2/CD4",7
"GO:0042129","regulation of T cell proliferation","32/1545","192/18860",0.166666666666667,2.03451995685005,4.30380826727273,8.7844320852817e-05,0.00323636300552351,0.00278977500013139,"CD274/IGFBP2/TNFSF13B/IDO1/HAVCR2/LILRB4/LGALS3/PDCD1LG2/LILRB1/ICOSLG/CD86/IRF1/SCGB1A1/SDC4/PTPRC/TNFRSF1B/CD81/STAT5A/LGALS9/IL2RA/SPN/CD55/PRKCQ/NCKAP1L/JAK2/RASAL3/CCL5/CD37/CD80/IL15/BTN2A2/CD4",32
"GO:0016072","rRNA metabolic process","41/1545","270/18860",0.151851851851852,1.85367373846338,4.22033021162176,8.79977856486755e-05,0.00323636300552351,0.00278977500013139,"RPS8/RPL26/XRN1/RPS28/RPS21/RPS17/RPS15/RPL35/RPS19/SLFN5/RPS7/RPS14/RPL27/RPL7A/RPL7/RPS27/ISG20/RPS24/NOP53/RPS6/MARS1/NSUN5/TBL3/SLFN12L/DDX18/RPS16/NHP2/GTF3C5/REXO1L1P/UTP6/NOL7/SLFN12/FBL/METTL15/CAVIN1/TOP1/RPL35A/RPS25/MAPT/ERN2/RNASEL",41
"GO:0050866","negative regulation of cell activation","37/1545","235/18860",0.157446808510638,1.92197204434346,4.24830674835824,8.92765306685723e-05,0.00326207167579257,0.002811936112924,"CD274/CD9/IDO1/HAVCR2/LILRB4/MICA/CD84/LGALS3/PDCD1LG2/LILRB1/CD86/MILR1/CD300LF/IRF1/SCGB1A1/SDC4/CEACAM1/MNDA/PTPRC/SAMSN1/CLEC12A/USP5/STAT5A/LGALS9/IL2RA/SPN/INHBA/GLI3/PRDX2/THBD/LYN/INPP5D/CD37/CD80/CD69/BTN2A2/UFL1",37
"GO:0022409","positive regulation of cell-cell adhesion","49/1545","343/18860",0.142857142857143,1.74387424872862,4.15311154467658,9.27882689582681e-05,0.00336851348018177,0.00290368993792665,"CD274/IGFBP2/TNFSF13B/HAVCR2/CCL2/PKP3/LILRB4/DOCK8/PDCD1LG2/BAD/TNFSF14/LILRB1/AKT1/ICOSLG/NR4A3/CD86/EP300/CYRIB/PTPRC/IL2RG/CITED2/NOD2/NLRP3/NFKBID/RHOH/CD81/STAT5A/NKAP/LGALS9/IL2RA/SPN/CD55/PTPRU/PRKCQ/NCKAP1L/ADAM19/JAK2/FYN/GLI3/RASAL3/VNN1/CCL5/LYN/CD80/IL15/EMILIN2/BTN2A2/CD4/UFL1",49
"GO:0060759","regulation of response to cytokine stimulus","34/1545","210/18860",0.161904761904762,1.97639081522577,4.25016938758698,9.70664382602901e-05,0.00350123620570931,0.00301809816129161,"OAS3/PARP14/USP18/PARP9/OAS1/CASP4/CASP1/IRF7/CARD16/AGPAT2/KLF4/CD300LF/NAIP/STAT2/PTPRC/TLR2/TLE5/TRIM6/PPP2CB/SIGIRR/GSTP1/MED1/HIF1A/CARD8/NLRC5/CCL5/IFIH1/CASP8/ECM1/CXCR4/STAP1/TANK/ISG15/TXK",34
"GO:0062197","cellular response to chemical stress","48/1545","335/18860",0.143283582089552,1.74907984350094,4.13222280784879,0.000101177896841446,0.00362629315622176,0.00312589841532271,"ROMO1/PRDX5/TSPO/PML/SLC8A1/CASP1/TRIM21/PNPT1/ABCC9/BAD/MB/KLF4/ATP1A1/AKT1/MT3/CHCHD2/USP15/ATG7/LONP1/OXR1/STK25/ERRFI1/NLRP3/GDF15/GPX1/PPIA/PYCR2/SOD2/RACK1/CAMKK2/ALDH3B1/ARHGEF2/NLK/LRRC8C/HIF1A/MGST1/TRIM25/FYN/SELENOS/RHOB/PRDX2/AQP5/GCH1/FAS/MAPT/ZNF277/MAP2K4/OXSR1",48
"GO:0000028","ribosomal small subunit assembly","8/1545","20/18860",0.4,4.88284789644013,5.18964022277447,0.000102383098988731,0.00364626391145308,0.0031431133920058,"RPS28/RPS15/RPS19/RPS14/FAU/RPS27/RPS6/RPSA",8
"GO:0002260","lymphocyte homeostasis","18/1545","83/18860",0.216867469879518,2.64732717276874,4.49281079337306,0.000108788155166079,0.00385000596930521,0.00331874094012111,"TNFSF13B/P2RX7/AIM2/TNFSF14/AKT1/MIF/SIVA1/STAT5A/LGALS9/IL2RA/GAPT/HIF1A/NCKAP1L/DOCK10/PRDX2/FAS/LYN/DOCK11",18
"GO:0042254","ribosome biogenesis","46/1545","318/18860",0.144654088050314,1.76580977386986,4.11403991221769,0.000111427430848546,0.00387704221527062,0.00334204643550682,"RPS3A/RPS8/RPL26/RPS28/RPS21/RPLP0/RPS17/RPS15/RPL35/RPS19/RPS5/GLUL/RPS7/RPS14/RPL27/FAU/RPS15A/RPL7A/RPL7/RPS27/RPL38/ISG20/RPS24/RPS12/RPS13/NOP53/RPS6/DNTTIP2/NSUN5/TBL3/RPS9/DDX18/RPS16/RPSA/NHP2/RPL24/REXO1L1P/UTP6/NOL7/RPS27A/FBL/DDX28/METTL15/RPL35A/RPS25/RNASEL",46
"GO:0043085","positive regulation of catalytic activity","46/1545","318/18860",0.144654088050314,1.76580977386986,4.11403991221769,0.000111427430848546,0.00387704221527062,0.00334204643550682,"PLSCR1/FLT1/DOCK8/LCP2/CIB1/AKT1/MT3/PHACTR4/CAP1/FGFR3/JTB/RPS2/NDEL1/PLAAT4/SGSM3/PIK3R5/PTPRC/TNFSF15/PSENEN/TLR3/TLR6/PPIA/RACK1/CCNY/RGS1/EPHA2/PLXNB1/JAK2/CAMK1/DOCK10/TBC1D30/CARD14/HNRNPU/GCH1/PLIN5/SEMA4D/KIF14/CAP2/ODAM/CORO1C/ARHGAP11A/DOCK11/RASGRP2/TANK/CD4/TRAF4",46
"GO:0046635","positive regulation of alpha-beta T cell activation","17/1545","76/18860",0.223684210526316,2.73053994208823,4.51550895737313,0.000111846695183159,0.00387704221527062,0.00334204643550682,"LILRB4/CD86/EP300/PTPRC/IL2RG/NLRP3/NFKBID/CD81/NKAP/LGALS9/CD55/PRKCQ/NCKAP1L/JAK2/GLI3/RASAL3/CD80",17
"GO:0002707","negative regulation of lymphocyte mediated immunity","16/1545","69/18860",0.231884057971014,2.83063646170442,4.5505514757337,0.000112308135967498,0.00387704221527062,0.00334204643550682,"CD274/HAVCR2/LILRB4/MICA/LILRB1/SERPINB9/CEACAM1/PTPRC/USP5/KLRD1/LGALS9/SPN/NCKAP1L/INPP5D/CD80/UFL1",16
"GO:0007520","myoblast fusion","13/1545","49/18860",0.26530612244898,3.23862360478172,4.68689799056476,0.000113630892278327,0.00388341664993975,0.0033475412574565,"CXCL10/CXCL9/CD9/CFLAR/TNFSF14/SCGB3A1/GDF15/DOCK5/CD81/CCL8/DOCK2/CD53/PLEKHO1",13
"GO:0140888","interferon-mediated signaling pathway","23/1545","121/18860",0.190082644628099,2.32036160368023,4.35235879682778,0.000113873066863348,0.00388341664993975,0.0033475412574565,"OAS3/OAS2/PARP14/USP18/PARP9/OASL/IFITM3/STAT1/IFITM1/OAS1/SP100/IRF7/IRF1/STAT2/TRIM6/MED1/JAK2/NLRC5/IFIH1/UBR4/TANK/ISG15/TXK",23
"GO:0051251","positive regulation of lymphocyte activation","49/1545","346/18860",0.141618497109827,1.72875395177432,4.08677912805764,0.000115282435937681,0.00390779678928512,0.00336855716424117,"CD274/RPL13A/IGFBP2/TNFSF13B/HAVCR2/CCL2/LILRB4/DOCK8/FCGR3A/PDCD1LG2/BAD/TNFSF14/CLEC7A/LILRB1/AKT1/ICOSLG/CD86/EP300/CYRIB/MIF/PTPRC/IL2RG/BLOC1S6/NOD2/NLRP3/NFKBID/RHOH/CD81/STAT5A/NKAP/LGALS9/IL2RA/SPN/CD55/PRKCQ/NCKAP1L/JAK2/FYN/GLI3/RASAL3/VNN1/CCL5/LYN/INPP5D/CD80/IL15/BTN2A2/CD4/UFL1",49
"GO:0002695","negative regulation of leukocyte activation","34/1545","212/18860",0.160377358490566,1.95774561885571,4.18903798473429,0.000117378561746771,0.00395502495179091,0.00340926827941458,"CD274/IDO1/HAVCR2/LILRB4/MICA/CD84/LGALS3/PDCD1LG2/LILRB1/CD86/MILR1/CD300LF/IRF1/SCGB1A1/SDC4/MNDA/PTPRC/SAMSN1/CLEC12A/USP5/STAT5A/LGALS9/IL2RA/SPN/INHBA/GLI3/PRDX2/LYN/INPP5D/CD37/CD80/CD69/BTN2A2/UFL1",34
"GO:0002710","negative regulation of T cell mediated immunity","11/1545","37/18860",0.297297297297297,3.62914370681361,4.78170841945644,0.000124733491969922,0.00415589773328944,0.00358242248463662,"CD274/LILRB4/LILRB1/CEACAM1/PTPRC/USP5/KLRD1/SPN/NCKAP1L/CD80/UFL1",11
"GO:0031401","positive regulation of protein modification process","52/1545","375/18860",0.138666666666667,1.69272060409924,4.04740194426507,0.000124817259094707,0.00415589773328944,0.00358242248463662,"PARP14/PARP9/FLT1/LCP2/CIB1/WFS1/SEPTIN4/AKT1/MT3/FGFR3/JTB/RPS2/NOP53/DIP2B/NMI/PIK3R5/ATG7/PTPRC/TNFSF15/TLR3/TRIM6/NOD2/HSPBP1/TLR6/PPIA/RACK1/MYDGF/EFNA1/FAM107A/STUB1/CCNY/STK4/ARHGEF2/BIRC3/NPTN/JAK2/CAMK1/PTTG1IP/ARRB1/CARD14/PIAS1/SEMA4D/KIF14/ODAM/CD80/ZNF268/IL15/DNAJB2/TANK/CD4/BRMS1/TRAF4",52
"GO:0032609","type II interferon production","23/1545","122/18860",0.188524590163934,2.30134224627301,4.3074689048598,0.000129629808219718,0.00424530848763626,0.00365949538616031,"CD274/HAVCR2/LILRB4/PDCD1LG2/TLR8/BTN3A1/CLEC7A/LILRB1/CYRIB/SCGB1A1/TLR3/SLC11A1/LGALS9/INHBA/CD226/JAK2/CD2/PDE4B/PDE4D/TLR7/ISG15/SLC7A5/TXK",23
"GO:0032649","regulation of type II interferon production","23/1545","122/18860",0.188524590163934,2.30134224627301,4.3074689048598,0.000129629808219718,0.00424530848763626,0.00365949538616031,"CD274/HAVCR2/LILRB4/PDCD1LG2/TLR8/BTN3A1/CLEC7A/LILRB1/CYRIB/SCGB1A1/TLR3/SLC11A1/LGALS9/INHBA/CD226/JAK2/CD2/PDE4B/PDE4D/TLR7/ISG15/SLC7A5/TXK",23
"GO:0002367","cytokine production involved in immune response","24/1545","130/18860",0.184615384615385,2.25362210604929,4.2843185417419,0.000131312763193968,0.00424530848763626,0.00365949538616031,"RSAD2/APOA2/PKP3/LILRB4/P2RX7/CLEC7A/LILRB1/FCER1G/NR4A3/MIF/TLR3/TNFRSF1B/TRIM6/FFAR2/NOD2/NLRP3/CD81/NOD1/CUEDC2/CD55/CD226/TLR7/LITAF/SLC7A5",24
"GO:0002718","regulation of cytokine production involved in immune response","24/1545","130/18860",0.184615384615385,2.25362210604929,4.2843185417419,0.000131312763193968,0.00424530848763626,0.00365949538616031,"RSAD2/APOA2/PKP3/LILRB4/P2RX7/CLEC7A/LILRB1/FCER1G/NR4A3/MIF/TLR3/TNFRSF1B/TRIM6/FFAR2/NOD2/NLRP3/CD81/NOD1/CUEDC2/CD55/CD226/TLR7/LITAF/SLC7A5",24
"GO:0050863","regulation of T cell activation","55/1545","404/18860",0.136138613861386,1.66186036079336,4.01698849343205,0.000131923133427909,0.00424530848763626,0.00365949538616031,"CD274/IGFBP2/TNFSF13B/IDO1/HAVCR2/CCL2/LILRB4/DOCK8/LGALS3/PDCD1LG2/BAD/TNFSF14/LILRB1/AKT1/ICOSLG/CD86/EP300/CYRIB/IRF1/SCGB1A1/SDC4/PTPRC/IL2RG/TNFRSF1B/NOD2/USP5/NLRP3/NFKBID/RHOH/CD81/STAT5A/NKAP/LGALS9/IL2RA/SPN/CD55/PRKCQ/NCKAP1L/JAK2/FYN/GLI3/CD2/PRDX2/RASAL3/VNN1/CCL5/LYN/CD37/CD80/CD69/ZEB1/IL15/BTN2A2/CD4/UFL1",55
"GO:0070228","regulation of lymphocyte apoptotic process","15/1545","63/18860",0.238095238095238,2.90645708121436,4.52757195322053,0.000132783773560331,0.00424530848763626,0.00365949538616031,"CD274/IDO1/P2RX7/DOCK8/LGALS3/MIF/HSH2D/PERP/LGALS9/EFNA1/HIF1A/PRKCQ/ORMDL3/CCL5/LYN",15
"GO:1905517","macrophage migration","15/1545","63/18860",0.238095238095238,2.90645708121436,4.52757195322053,0.000132783773560331,0.00424530848763626,0.00365949538616031,"RPL13A/CD9/C3AR1/CCL2/CMKLR1/LGALS3/MIF/CD81/SLAMF8/CX3CR1/CCL5/CCL3/CORO1C/DDT/STAP1",15
"GO:0045576","mast cell activation","16/1545","70/18860",0.228571428571429,2.79019879796579,4.48228240155551,0.000134651403650282,0.00428069744824935,0.00369000099922984,"PLSCR1/CD84/LCP2/S100A13/GAB2/FCER1G/NR4A3/PTPRE/MILR1/CD300LF/UNC13D/RHOH/LGALS9/CD226/CBL/LYN",16
"GO:0007266","Rho protein signal transduction","26/1545","147/18860",0.17687074829932,2.15908240318781,4.2141849844389,0.000146269533182759,0.00462392507426621,0.00398586640393941,"SYNPO2L/CELSR1/DOCK8/ARHGEF3/PHACTR4/CTNNAL1/AKAP13/ABCA1/PLEKHG5/EPS8L2/CDC42SE2/ARHGEF11/OPHN1/ARHGEF2/PLXNB1/CDC42EP3/PECAM1/DOCK10/RHOB/KANK2/ITGA3/ARRB1/SEMA4D/ARHGAP30/DOCK11/ADGRG1",26
"GO:0001932","regulation of protein phosphorylation","53/1545","387/18860",0.136950904392765,1.67177608857446,3.98862891184436,0.00014889900058505,0.00468075238151997,0.00403485207113149,"WARS1/PARP14/PARP9/HERC5/RAP2C/FLT1/LCP2/CIB1/SERTAD1/AKT1/MT3/FGFR3/JTB/NOP53/CEACAM1/STAT2/PIK3R5/PTPRC/TNFSF15/TLR3/TRIM6/SAMSN1/ERRFI1/GADD45A/TLR6/PPIA/RACK1/CAMKK2/MYDGF/EFNA1/FBLN1/CCNY/STK4/ARHGEF2/PLXNB2/NPTN/DMTN/JAK2/CAMK1/RAP2B/ARRB1/CARD14/SEMA4D/KIF14/LYN/ODAM/CORO1C/SYNPO2/CD80/ZNF268/IL15/CD4/TRAF4",53
"GO:0033033","negative regulation of myeloid cell apoptotic process","8/1545","21/18860",0.380952380952381,4.65033132994298,4.99948574469857,0.000153546071050695,0.00480002078779035,0.00413766254620821,"IRF7/FCER1G/CCR5/MIF/NOD2/STAT5A/SELENOS/CCL5",8
"GO:0048246","macrophage chemotaxis","12/1545","44/18860",0.272727272727273,3.32921447484554,4.62045229470728,0.000155431379036806,0.00483211254055306,0.00416532593545565,"RPL13A/C3AR1/CCL2/CMKLR1/LGALS3/MIF/SLAMF8/CCL5/CCL3/CORO1C/DDT/STAP1",12
"GO:0046513","ceramide biosynthetic process","17/1545","78/18860",0.217948717948718,2.6605260974193,4.38969567552596,0.000156937364807186,0.00485212391082436,0.0041825759226808,"CASP1/P2RX7/ACE2/CCN1/DEGS2/SPTLC3/SMPD2/CERS4/ORMDL1/PRF1/ST3GAL2/CASP7/ORMDL3/ASAH2B/ST6GALNAC6/SGMS2/PNPLA1",17
"GO:0002449","lymphocyte mediated immunity","53/1545","388/18860",0.13659793814433,1.66746738731525,3.96827058523955,0.000159054841241869,0.0048804340879177,0.00420697955854288,"CD274/RSAD2/HAVCR2/SLAMF7/IRF7/LILRB4/MICA/TUBB4B/CLU/P2RX7/FCGR3A/TLR8/CTSH/LILRB1/FCER1G/SUPT6H/CYRIB/SERPINB9/CEACAM1/PTPRC/IGHA1/UNC13D/UNC93B1/TNFRSF1B/RNF19B/NBN/IGHA2/USP5/NLRP3/KLRD1/CD81/IGHG3/STAT5A/C1QC/LGALS9/IGHG4/SPN/CD55/CD226/PRF1/C1QB/IGKC/IGLC2/LYST/NCKAP1L/CD2/INPP5D/CD80/IGLL5/FCGR2A/BTN3A3/C2/UFL1",53
"GO:0000768","syncytium formation by plasma membrane fusion","15/1545","64/18860",0.234375,2.86104368932039,4.45477897865184,0.000160455003779061,0.0048804340879177,0.00420697955854288,"CXCL10/CXCL9/CD9/CFLAR/TNFSF14/SCGB3A1/GDF15/DOCK5/CD81/CCL8/DOCK2/CD109/CD53/PLEKHO1/CAMK1",15
"GO:0140253","cell-cell fusion","15/1545","64/18860",0.234375,2.86104368932039,4.45477897865184,0.000160455003779061,0.0048804340879177,0.00420697955854288,"CXCL10/CXCL9/CD9/CFLAR/TNFSF14/SCGB3A1/GDF15/DOCK5/CD81/CCL8/DOCK2/CD109/CD53/PLEKHO1/CAMK1",15
"GO:0001909","leukocyte mediated cytotoxicity","27/1545","157/18860",0.171974522292994,2.0993135860491,4.13169361270859,0.000178498666155517,0.00540006448632846,0.0046549057931218,"HAVCR2/SLAMF7/MICA/TUBB4B/P2RX7/FCGR3A/CTSH/LILRB1/CYRIB/SERPINB9/CEACAM1/PTPRC/UNC13D/RNF19B/KLRD1/STAT5A/LGALS9/CD226/PRF1/CX3CR1/LYST/NCKAP1L/CD2/SCNN1B/INPP5D/STAP1/FCGR2A",27
"GO:1902105","regulation of leukocyte differentiation","48/1545","343/18860",0.139941690962099,1.7082849783464,3.95441370032503,0.00017949655538856,0.00540121453032848,0.0046558971417421,"IRF7/CCR1/LILRB4/BAD/LILRB1/NFAM1/CD86/QKI/EP300/IRF1/TNFAIP6/CEACAM1/EVI2B/PTPRC/IL2RG/TLR3/CLEC12A/NLRP3/NFKBID/RHOH/STAT5A/C1QC/NKAP/LGALS9/SLAMF8/IL2RA/INHBA/HCLS1/NCKAP1L/GLI3/CD2/CD101/PRDX2/VNN1/CASP8/CCL3/LYN/INPP5D/TMEM176A/CORO1C/CD80/CD69/TOB2/ZEB1/IL15/BTN2A2/CD4/TFE3",48
"GO:2000401","regulation of lymphocyte migration","16/1545","72/18860",0.222222222222222,2.71269327580007,4.34928522281689,0.00019119915792935,0.00572275351951305,0.00493306673985692,"CXCL10/CCL2/DOCK8/TNFSF14/AKT1/CCL4/P4HB/LGALS9/STK10/SPN/MSN/CCL5/ECM1/CCL3/CD69/OXSR1",16
"GO:0051250","negative regulation of lymphocyte activation","30/1545","183/18860",0.163934426229508,2.00116717067218,4.0652841791481,0.000194279666043209,0.00578418878743458,0.00498602451198611,"CD274/IDO1/HAVCR2/LILRB4/MICA/LGALS3/PDCD1LG2/LILRB1/CD86/IRF1/SCGB1A1/SDC4/MNDA/SAMSN1/CLEC12A/USP5/STAT5A/LGALS9/IL2RA/SPN/INHBA/GLI3/PRDX2/LYN/INPP5D/CD37/CD80/CD69/BTN2A2/UFL1",30
"GO:0009144","purine nucleoside triphosphate metabolic process","40/1545","271/18860",0.14760147601476,1.80178889167532,3.97126612245397,0.000197647076202954,0.00585347419891591,0.00504574918084882,"TSPO/NDUFV1/ATP5F1E/SLC25A25/P2RX7/ATP5IF1/ATP6V1B2/ABCC9/BAD/ATP5ME/NDUFB10/NDUFB7/NDUFS6/EP300/JMJD8/NDUFC1/GTPBP1/GUK1/ABCC6/NDUFA2/BLOC1S6/FIS1/NDUFA13/INSR/NDUFS5/ATP5MG/GIMAP7/ITPA/NDUFA3/NUPR1/HIF1A/NME2/AK1/NDUFB2/NDUFA9/NDUFC2/NME3/ATP5PO/ATP5PB/ZBTB7A",40
"GO:1903037","regulation of leukocyte cell-cell adhesion","54/1545","401/18860",0.134663341645885,1.64385153620802,3.89283648393028,0.000200013939196692,0.0058633806309225,0.00505428861734137,"CD274/IGFBP2/TNFSF13B/IDO1/HAVCR2/CCL2/LILRB4/DOCK8/LGALS3/PDCD1LG2/BAD/KLF4/TNFSF14/LILRB1/AKT1/ICOSLG/NR4A3/CD86/EP300/CYRIB/IRF1/SCGB1A1/SDC4/PTPRC/IL2RG/NOD2/USP5/NLRP3/NFKBID/RHOH/CD81/STAT5A/NKAP/LGALS9/IL2RA/SPN/CD55/PRKCQ/NCKAP1L/JAK2/FYN/GLI3/PRDX2/RASAL3/VNN1/CCL5/LYN/CD37/CD80/CD69/IL15/BTN2A2/CD4/UFL1",54
"GO:0007162","negative regulation of cell adhesion","46/1545","326/18860",0.141104294478528,1.72247701868287,3.9306156775332,0.000200107893360742,0.0058633806309225,0.00505428861734137,"GBP1/CD274/CD9/SPINT2/IDO1/HAVCR2/TACSTD2/LILRB4/LGALS3/PDCD1LG2/KLF4/LILRB1/AKT1/CD86/IRF1/SCGB1A1/SDC4/CEACAM1/PTPRC/USP5/STAT5A/PDE3B/LGALS9/FAM107A/IL2RA/SPN/EPCAM/FBLN1/ADAMDEC1/PLXNB2/PLXNB1/TGFBI/PLXNC1/DMTN/JAK2/GLI3/PRDX2/SEMA4D/CD37/CORO1C/CD80/SERPINE1/CD69/ADAM15/BTN2A2/UFL1",46
"GO:0002275","myeloid cell activation involved in immune response","20/1545","102/18860",0.196078431372549,2.39355289041183,4.21543697679082,0.000201107599390091,0.0058633806309225,0.00505428861734137,"HAVCR2/CD84/S100A13/GAB2/PRAM1/FCER1G/NR4A3/MILR1/NMI/UNC13D/CLEC12A/LGALS9/DOCK2/SUCNR1/CX3CR1/CBL/IFI35/SCNN1B/CCL3/LYN",20
"GO:1903829","positive regulation of protein localization","60/1545","459/18860",0.130718954248366,1.59570192694122,3.85946368826388,0.000206981847627342,0.00600354049793326,0.00517510772581004,"DTX3L/PARP9/OAZ1/EZR/PML/AGR2/BSG/PKP3/CREBBP/P2RX7/CIB1/LGALS3/BAD/CROCC/AKT1/FCER1G/EP300/LIMK2/ACSL4/TNFAIP6/PRKCH/TRIM28/PIK3R2/TLR2/FFAR2/DVL1/CD81/SSH1/TMED10/PPIA/F2RL2/RACK1/TMEM30B/HCLS1/DYNLL1/TRIM8/LRP1/HIF1A/PHPT1/EPHA2/JAK2/FYN/CAMK1/GLI3/PECAM1/MSN/DZIP1/ORMDL3/WNT7A/ITGA3/PIAS1/EPB41L2/LYN/APBB1/MAPT/MCRS1/PGRMC1/PTPN9/ABHD17A/ABAT",60
"GO:0002286","T cell activation involved in immune response","25/1545","142/18860",0.176056338028169,2.14914079948949,4.10582107100567,0.000209512816881775,0.00604578779791665,0.00521152529118066,"SEMA6D/HAVCR2/CLEC4E/LGALS3/LILRB1/FCER1G/ICOSLG/CD86/EP300/STAT4/CEACAM1/SLC11A1/NLRP3/NFKBID/CD81/STAT5A/LGALS9/SPN/TMEM98/NCKAP1L/JAK2/CD80/CD69/APBB1IP/LCP1",25
"GO:0042327","positive regulation of phosphorylation","38/1545","254/18860",0.149606299212598,1.82626200851107,3.9602304486518,0.000213696175195776,0.00609023870882867,0.00524984238965935,"PARP14/PARP9/FLT1/LCP2/CIB1/AKT1/MT3/FGFR3/JTB/MIF/PIK3R5/PTPRC/TNFSF15/SDCBP/TLR3/TRIM6/TLR6/PPIA/RACK1/MYDGF/EFNA1/CCNY/STK4/ARHGEF2/NPTN/JAK2/CAMK1/ARRB1/CARD14/SEMA4D/KIF14/LYN/ODAM/CD80/ZNF268/IL15/CD4/TRAF4",38
"GO:0050670","regulation of lymphocyte proliferation","38/1545","254/18860",0.149606299212598,1.82626200851107,3.9602304486518,0.000213696175195776,0.00609023870882867,0.00524984238965935,"CD274/RPL13A/IGFBP2/TNFSF13B/IDO1/HAVCR2/LILRB4/LGALS3/FCGR3A/PDCD1LG2/LILRB1/ICOSLG/CD86/MIF/IRF1/SCGB1A1/SDC4/MNDA/PTPRC/TNFRSF1B/CD81/STAT5A/LGALS9/IL2RA/SPN/CD55/PRKCQ/NCKAP1L/JAK2/RASAL3/CCL5/LYN/INPP5D/CD37/CD80/IL15/BTN2A2/CD4",38
"GO:0019730","antimicrobial humoral response","30/1545","184/18860",0.16304347826087,1.99029126213592,4.03220171612116,0.000214300206921642,0.00609023870882867,0.00524984238965935,"CXCL10/CXCL11/CXCL9/ROMO1/SLPI/CCL2/RPS19/RPL30/RPL39/LGALS3/FAU/CCL4/BPIFA1/NTS/IGHA1/SLC11A1/IGHA2/IGHG3/CCL8/IGHM/IGHG4/CCL3L3/H2BC21/HTN3/WFDC2/CCL5/CCL3/PI3/TF/HMGN2",30
"GO:0002822","regulation of adaptive immune response based on somatic recombination of immune receptors built from immunoglobulin superfamily domains","33/1545","210/18860",0.157142857142857,1.91826167360148,3.99713679612295,0.00021698085012429,0.00613435989731938,0.00528787526434535,"CD274/RSAD2/TNFSF13B/HAVCR2/LILRB4/P2RX7/CLEC7A/LILRB1/FCER1G/SUPT6H/EP300/CYRIB/CEACAM1/PTPRC/TNFRSF1B/SLC11A1/USP5/NLRP3/KLRD1/NFKBID/CD81/STAT5A/LGALS9/SPN/CD55/CD226/PRKCQ/NCKAP1L/JAK2/CD80/CD69/CD4/UFL1",33
"GO:0002347","response to tumor cell","13/1545","52/18860",0.25,3.05177993527508,4.42561332875796,0.00021803305126424,0.00613435989731938,0.00528787526434535,"CD274/TXNIP/HAVCR2/MICA/KLF4/CEACAM1/USP5/CD226/PRF1/DLEC1/PRDX2/ADAM15/UFL1",13
"GO:0009205","purine ribonucleoside triphosphate metabolic process","39/1545","264/18860",0.147727272727273,1.803324507208,3.92640898767104,0.000231822290584544,0.00648987079163795,0.00559432896053196,"TSPO/NDUFV1/ATP5F1E/SLC25A25/P2RX7/ATP5IF1/ATP6V1B2/ABCC9/BAD/ATP5ME/NDUFB10/NDUFB7/NDUFS6/EP300/JMJD8/NDUFC1/GTPBP1/ABCC6/NDUFA2/BLOC1S6/FIS1/NDUFA13/INSR/NDUFS5/ATP5MG/GIMAP7/ITPA/NDUFA3/NUPR1/HIF1A/NME2/AK1/NDUFB2/NDUFA9/NDUFC2/NME3/ATP5PO/ATP5PB/ZBTB7A",39
"GO:0044092","negative regulation of molecular function","45/1545","319/18860",0.141065830721003,1.72200748698907,3.88492634955039,0.000234863186390802,0.00654245123673784,0.00563965379306314,"WARS1/DTX3L/IFI16/PARP9/PRDX5/PBX1/SLPI/PTPRF/HAVCR2/CMKLR1/TRIM21/RPS7/CARD16/COMMD6/ATP5IF1/AIM2/MT3/SERPINB9/JUN/CEACAM1/PTPRC/MTURN/ERRFI1/GADD45A/TCAF2/PPIA/RACK1/SERPINB8/NUPR1/CAMK1/GALR1/PAM16/ID1/NLRC5/ARRB1/HNRNPU/PLIN5/ECM1/LYN/CORO1C/DNAJB2/ADAM15/RD3/BRMS1/UFL1",45
"GO:0002720","positive regulation of cytokine production involved in immune response","18/1545","88/18860",0.204545454545455,2.49691085613416,4.20430607745472,0.000237862825165694,0.00659337003550424,0.00568354627100606,"RSAD2/P2RX7/CLEC7A/LILRB1/FCER1G/NR4A3/MIF/TLR3/TRIM6/FFAR2/NOD2/NLRP3/CD81/NOD1/CD55/CD226/TLR7/SLC7A5",18
"GO:0009259","ribonucleotide metabolic process","52/1545","385/18860",0.135064935064935,1.6487538351616,3.84176153250452,0.00024173162656216,0.0066677640326729,0.0057476745882272,"TSPO/NDUFV1/ATP5F1E/SLC25A25/P2RX7/ATP5IF1/ATP6V1B2/ABCC9/BAD/HINT1/ATP5ME/NDUFB10/NDUFB7/NDUFS6/EP300/JMJD8/SULT1B1/NDUFC1/GTPBP1/GUK1/ABCC6/APRT/NDUFA2/ENTPD1/BLOC1S6/FIS1/NDUFA13/ADCY7/UPB1/INSR/NDUFS5/ATP5MG/GIMAP7/ITPA/NDUFA3/NUPR1/HIF1A/DPYD/EPHA2/NME2/DHODH/AK1/PDE4B/NDUFB2/NDUFA9/PDE4C/NDUFC2/PDE4D/NME3/ATP5PO/ATP5PB/ZBTB7A",52
"GO:0046629","gamma-delta T cell activation","9/1545","28/18860",0.321428571428571,3.92371705963939,4.62464561949917,0.000267149495563898,0.00722429115915313,0.00622740614544118,"MICA/MICB/LILRB1/PTPRC/JAG2/NOD2/STAT5A/NCKAP1L/TRGC1",9
"GO:0052372","modulation by symbiont of entry into host","9/1545","28/18860",0.321428571428571,3.92371705963939,4.62464561949917,0.000267149495563898,0.00722429115915313,0.00622740614544118,"TRIM38/TRIM5/BSG/TRIM21/P4HB/LGALS9/TMPRSS2/TRIM25/CD4",9
"GO:0050854","regulation of antigen receptor-mediated signaling pathway","16/1545","74/18860",0.216216216216216,2.63937724131899,4.22075289235666,0.000267320721400426,0.00722429115915313,0.00622740614544118,"GBP1/ELF1/EZR/LILRB4/LGALS3/NFAM1/CEACAM1/PRKCH/PTPRC/CD81/CD226/PHPT1/LYN/UBASH3A/STAP1/BTN2A2",16
"GO:0070663","regulation of leukocyte proliferation","41/1545","284/18860",0.144366197183099,1.76229545558138,3.86650631433238,0.000267343258287949,0.00722429115915313,0.00622740614544118,"CD274/RPL13A/IGFBP2/TNFSF13B/IDO1/HAVCR2/LILRB4/LGALS3/FCGR3A/PDCD1LG2/LILRB1/ICOSLG/CD86/MIF/IRF1/SCGB1A1/SDC4/MNDA/CSF2RA/PTPRC/TNFRSF1B/CD81/STAT5A/CCL8/LGALS9/IL2RA/SPN/CD55/GSTP1/PRKCQ/NCKAP1L/JAK2/RASAL3/CCL5/LYN/INPP5D/CD37/CD80/IL15/BTN2A2/CD4",41
"GO:0045730","respiratory burst","11/1545","40/18860",0.275,3.35695792880259,4.45742804120636,0.000268327146305848,0.00722429115915313,0.00622740614544118,"RPS19/NCF2/CLEC7A/CYBB/IGHA1/SLC11A1/IGHA2/INSR/SLAMF8/CD55/PRDX2",11
"GO:0006949","syncytium formation","15/1545","67/18860",0.223880597014925,2.73293725547022,4.2445778865398,0.00027549435780641,0.00738193691131747,0.0063632982494834,"CXCL10/CXCL9/CD9/CFLAR/TNFSF14/SCGB3A1/GDF15/DOCK5/CD81/CCL8/DOCK2/CD109/CD53/PLEKHO1/CAMK1",15
"GO:0001934","positive regulation of protein phosphorylation","35/1545","231/18860",0.151515151515152,1.84956359713641,3.88078370337887,0.000291581075966722,0.0077759559927239,0.00670294636096111,"PARP14/PARP9/FLT1/LCP2/CIB1/AKT1/MT3/FGFR3/JTB/PIK3R5/PTPRC/TNFSF15/TLR3/TRIM6/TLR6/PPIA/RACK1/MYDGF/EFNA1/CCNY/STK4/ARHGEF2/NPTN/JAK2/CAMK1/ARRB1/CARD14/SEMA4D/KIF14/ODAM/CD80/ZNF268/IL15/CD4/TRAF4",35
"GO:0032944","regulation of mononuclear cell proliferation","38/1545","258/18860",0.147286821705426,1.79794786884423,3.85493337314218,0.000294275910451963,0.00781080447223205,0.00673298607429317,"CD274/RPL13A/IGFBP2/TNFSF13B/IDO1/HAVCR2/LILRB4/LGALS3/FCGR3A/PDCD1LG2/LILRB1/ICOSLG/CD86/MIF/IRF1/SCGB1A1/SDC4/MNDA/PTPRC/TNFRSF1B/CD81/STAT5A/LGALS9/IL2RA/SPN/CD55/PRKCQ/NCKAP1L/JAK2/RASAL3/CCL5/LYN/INPP5D/CD37/CD80/IL15/BTN2A2/CD4",38
"GO:0070664","negative regulation of leukocyte proliferation","20/1545","105/18860",0.19047619047619,2.32516566497149,4.06741620224156,0.000301378826706019,0.00796177773650125,0.0068631264317338,"CD274/IDO1/HAVCR2/LILRB4/PDCD1LG2/LILRB1/CD86/SCGB1A1/SDC4/MNDA/CCL8/LGALS9/IL2RA/SPN/GSTP1/LYN/INPP5D/CD37/CD80/BTN2A2",20
"GO:0046633","alpha-beta T cell proliferation","12/1545","47/18860",0.25531914893617,3.11671142325966,4.34004146673252,0.000305975672985056,0.00802554609163096,0.0069180953467278,"CD274/IRF1/PTPRC/CD81/LGALS9/IL2RA/CD55/DOCK2/PRKCQ/JAK2/RASAL3/IL15",12
"GO:0051091","positive regulation of DNA-binding transcription factor activity","21/1545","113/18860",0.185840707964602,2.26857977489475,4.0402053496293,0.00030664517677282,0.00802554609163096,0.0069180953467278,"EIF2AK2/TRIM5/CARD16/CLU/CIB1/AIM2/RIPK4/EP300/PRKCH/TRAF1/TLR2/NOD2/NLRP3/PPIA/LGALS9/NOD1/ARHGEF2/PRKCQ/ESR2/CARD14/ZBTB7A",21
"GO:2001235","positive regulation of apoptotic signaling pathway","26/1545","154/18860",0.168831168831169,2.060942293952,3.94888041702173,0.000314716946371748,0.008198667857564,0.00706732791852346,"RPL26/PML/RPS7/CLU/TNFSF10/BAD/CTSH/TNFSF14/SEPTIN4/FASLG/PTPRC/TNFSF15/FIS1/PPP2R1B/MCL1/TLR6/RACK1/INHBA/STK4/NUPR1/JAK2/VNN1/BCL2L14/FAS/TRAF7/IL20RA",26
"GO:0006925","inflammatory cell apoptotic process","8/1545","23/18860",0.347826086956522,4.24595469255663,4.65278330915445,0.000318970145136207,0.00827117514599741,0.00712982987527356,"IRF7/PLEKHO2/CCR5/FASLG/NOD2/CTSL/SELENOS/CCL5",8
"GO:0071677","positive regulation of mononuclear cell migration","19/1545","98/18860",0.193877551020408,2.36668648041741,4.05186245684276,0.000334032288964863,0.00858352593878874,0.00739907916267217,"CXCL10/PLA2G7/C3AR1/CCL2/CMKLR1/CCR1/DOCK8/LGMN/LGALS3/TNFSF14/CCL4/P4HB/LGALS9/SPN/CX3CR1/CCL5/CCL3/SERPINE1/OXSR1",19
"GO:0009141","nucleoside triphosphate metabolic process","41/1545","287/18860",0.142857142857143,1.74387424872862,3.79325263216021,0.000334066497351117,0.00858352593878874,0.00739907916267217,"CMPK2/TSPO/NDUFV1/ATP5F1E/SLC25A25/P2RX7/ATP5IF1/ATP6V1B2/ABCC9/BAD/ATP5ME/NDUFB10/NDUFB7/NDUFS6/EP300/JMJD8/NDUFC1/GTPBP1/GUK1/ABCC6/NDUFA2/BLOC1S6/FIS1/NDUFA13/INSR/NDUFS5/ATP5MG/GIMAP7/ITPA/NDUFA3/NUPR1/HIF1A/NME2/AK1/NDUFB2/NDUFA9/NDUFC2/NME3/ATP5PO/ATP5PB/ZBTB7A",41
"GO:0009060","aerobic respiration","42/1545","297/18860",0.141414141414141,1.72625935732732,3.76841052007985,0.000353722498568166,0.00904725681565031,0.00779881948996224,"NDUFV1/ATP5F1E/UQCRQ/P2RX7/ATP5IF1/COX4I1/ATP5ME/NDUFB10/UQCR11/NDUFB7/NDUFS6/CHCHD2/EP300/COX6A1/JMJD8/NDUFC1/NOP53/NDUFA2/UQCRC1/UQCRFS1/NDUFA13/INSR/NDUFS5/ATP5MG/NDUFA3/NUPR1/BLOC1S1/HIF1A/ACO2/ACO1/COX5A/NDUFB2/NDUFA9/NDUFC2/UQCRHL/COX5B/ATP5PO/ATP5PB/ZBTB7A/COX8A/UQCRH/COX7A2",42
"GO:0060333","type II interferon-mediated signaling pathway","9/1545","29/18860",0.310344827586207,3.78841647137596,4.48882082928721,0.000359415416270193,0.00915126944503338,0.00788847934352489,"PARP14/PARP9/STAT1/SP100/IRF1/MED1/JAK2/NLRC5/TXK",9
"GO:0032481","positive regulation of type I interferon production","18/1545","91/18860",0.197802197802198,2.41459511362424,4.0405883449266,0.000367294158263778,0.00926800102488916,0.00798910305064664,"XAF1/OAS3/SIGLEC1/OAS2/STAT1/OAS1/IRF7/TLR8/ZC3HAV1/IRF1/TLR3/TLR2/CLEC12A/TRAF3IP3/IFIH1/TLR7/TANK/ISG15",18
"GO:0150076","neuroinflammatory response","18/1545","91/18860",0.197802197802198,2.41459511362424,4.0405883449266,0.000367294158263778,0.00926800102488916,0.00798910305064664,"CCR1/ZEB2/CLU/TLR1/JUN/PTPRC/TLR3/TNFRSF1B/TLR6/NUPR1/LRP1/CX3CR1/JAK2/CCL5/CCL3/LYN/MAPT/STAP1",18
"GO:0019693","ribose phosphate metabolic process","52/1545","392/18860",0.13265306122449,1.61931180239086,3.70130421098914,0.000374892438471134,0.00941749888962978,0.00811797159997643,"TSPO/NDUFV1/ATP5F1E/SLC25A25/P2RX7/ATP5IF1/ATP6V1B2/ABCC9/BAD/HINT1/ATP5ME/NDUFB10/NDUFB7/NDUFS6/EP300/JMJD8/SULT1B1/NDUFC1/GTPBP1/GUK1/ABCC6/APRT/NDUFA2/ENTPD1/BLOC1S6/FIS1/NDUFA13/ADCY7/UPB1/INSR/NDUFS5/ATP5MG/GIMAP7/ITPA/NDUFA3/NUPR1/HIF1A/DPYD/EPHA2/NME2/DHODH/AK1/PDE4B/NDUFB2/NDUFA9/PDE4C/NDUFC2/PDE4D/NME3/ATP5PO/ATP5PB/ZBTB7A",52
"GO:1905521","regulation of macrophage migration","12/1545","48/18860",0.25,3.05177993527508,4.25153967569795,0.000377906136062645,0.00945101256722002,0.00814686070164524,"CD9/C3AR1/CCL2/CMKLR1/MIF/CD81/SLAMF8/CX3CR1/CCL5/CCL3/DDT/STAP1",12
"GO:0034340","response to type I interferon","19/1545","99/18860",0.191919191919192,2.34278055637279,4.00135398724979,0.000382157488185168,0.00951504507087583,0.0082020573151246,"IFIT1/OAS3/OAS2/MX1/USP18/OASL/IFITM3/STAT1/IFITM1/OAS1/SP100/IRF7/STAT2/TRIM6/NLRC5/IFIH1/UBR4/TANK/ISG15",19
"GO:0033209","tumor necrosis factor-mediated signaling pathway","23/1545","131/18860",0.175572519083969,2.14323476370464,3.92216716216468,0.000384127886216136,0.00952197187549867,0.00820802828510992,"TNFSF13B/STAT1/CASP4/CASP1/CARD16/AIM2/KRT8/NSMAF/NAIP/KRT18/TRAF1/TNFRSF1B/TNFRSF19/PPP2CB/BIRC3/GSTP1/JAK2/CARD8/CARD14/FAS/CASP8/TRADD/TANK",23
"GO:0009150","purine ribonucleotide metabolic process","49/1545","364/18860",0.134615384615385,1.64326611899427,3.70181563380384,0.000389073423986969,0.00960226384550296,0.00827724070975047,"TSPO/NDUFV1/ATP5F1E/SLC25A25/P2RX7/ATP5IF1/ATP6V1B2/ABCC9/BAD/HINT1/ATP5ME/NDUFB10/NDUFB7/NDUFS6/EP300/JMJD8/SULT1B1/NDUFC1/GTPBP1/GUK1/ABCC6/APRT/NDUFA2/ENTPD1/BLOC1S6/FIS1/NDUFA13/ADCY7/INSR/NDUFS5/ATP5MG/GIMAP7/ITPA/NDUFA3/NUPR1/HIF1A/EPHA2/NME2/AK1/PDE4B/NDUFB2/NDUFA9/PDE4C/NDUFC2/PDE4D/NME3/ATP5PO/ATP5PB/ZBTB7A",49
"GO:0042116","macrophage activation","21/1545","115/18860",0.182608695652174,2.22912621359223,3.94925342050154,0.000392779089709133,0.00965138837464318,0.00831958651059381,"HAVCR2/TMEM106A/CLU/FCGR3A/TLR1/MIF/JUN/NMI/PTPRC/TLR3/SLC11A1/TLR6/CD93/PLA2G10/SUCNR1/CX3CR1/JAK2/IFI35/CCL3/MAPT/STAP1",21
"GO:0043903","regulation of biological process involved in symbiotic interaction","11/1545","42/18860",0.261904761904762,3.1971027893358,4.25795054329224,0.000426712003623108,0.0103944088501612,0.00896007706855905,"TRIM38/TRIM5/BSG/TRIM21/BPIFA1/P4HB/LGALS9/FBLN1/TMPRSS2/TRIM25/CD4",11
"GO:0045429","positive regulation of nitric oxide biosynthetic process","11/1545","42/18860",0.261904761904762,3.1971027893358,4.25795054329224,0.000426712003623108,0.0103944088501612,0.00896007706855905,"STAT1/CLU/KLF4/CLEC7A/AKT1/ASL/TLR6/INSR/SOD2/HBB/JAK2",11
"GO:0045637","regulation of myeloid cell differentiation","34/1545","227/18860",0.149779735682819,1.82837916827053,3.75070605618417,0.000438114332122595,0.0106261609778183,0.0091598495572637,"H4C8/STAT1/IRF7/CCR1/GLUL/LILRB4/CIB1/LILRB1/QKI/TNFAIP6/CEACAM1/EVI2B/MTURN/TLR3/P4HTM/STAT5A/C1QC/H4C15/INHBA/HCLS1/MED1/RCOR1/HIF1A/NCKAP1L/CD101/CASP8/CCL3/LYN/INPP5D/CORO1C/TOB2/ISG15/CD4/TFE3",34
"GO:1902600","proton transmembrane transport","30/1545","192/18860",0.15625,1.90736245954693,3.77480785068798,0.000452897141915588,0.0109375631654893,0.00942828113822918,"NDUFV1/ATP5F1E/ATP6V1B2/COX4I1/ATP5ME/NDUFB10/ATP1A1/NDUFB7/NDUFS6/NDUFC1/NDUFA2/UQCRC1/UQCRFS1/SLC11A1/NDUFS5/ATP5MG/NDUFA3/SLC36A1/COX5A/NDUFB2/SLC25A5/NDUFA9/NDUFC2/COX5B/ATP5PO/ATP5PB/COX8A/UQCRH/COX7A2/SLC9A8",30
"GO:0002823","negative regulation of adaptive immune response based on somatic recombination of immune receptors built from immunoglobulin superfamily domains","15/1545","70/18860",0.214285714285714,2.61581137309293,4.0456528571449,0.000455467803449175,0.0109526381624295,0.00944127592574807,"CD274/HAVCR2/LILRB4/LILRB1/CEACAM1/PTPRC/USP5/KLRD1/STAT5A/LGALS9/SPN/NCKAP1L/CD80/CD69/UFL1",15
"GO:0015980","energy derivation by oxidation of organic compounds","56/1545","434/18860",0.129032258064516,1.57511222465811,3.62071427825718,0.000459093560061691,0.0109928487764559,0.00947593784888812,"OAS1/NDUFV1/ATP5F1E/UQCRQ/SLC25A25/PNPT1/P2RX7/ATP5IF1/ABCC9/ATG12/COX4I1/ATP5ME/NDUFB10/UQCR11/AKT1/NDUFB7/MT3/NR4A3/NDUFS6/CHCHD2/EP300/COX6A1/JMJD8/NDUFC1/NOP53/PYGM/NDUFA2/UQCRC1/UQCRFS1/NDUFA13/INSR/SOD2/NDUFS5/ATP5MG/NDUFA3/NUPR1/BLOC1S1/HIF1A/ACO2/CISD1/SELENOS/ACO1/COX5A/NDUFB2/NDUFA9/NDUFC2/UQCRHL/COX5B/ATG2A/ATP5PO/ATP5PB/ZBTB7A/MTLN/COX8A/UQCRH/COX7A2",56
"GO:0042267","natural killer cell mediated cytotoxicity","17/1545","85/18860",0.2,2.44142394822006,3.9785383390911,0.00046237985207085,0.0110246246932317,0.0095033289845784,"HAVCR2/SLAMF7/MICA/TUBB4B/FCGR3A/LILRB1/SERPINB9/CEACAM1/UNC13D/RNF19B/KLRD1/STAT5A/LGALS9/CD226/LYST/CD2/INPP5D",17
"GO:0002456","T cell mediated immunity","24/1545","141/18860",0.170212765957447,2.07780761550644,3.83726512209983,0.000465165284823222,0.0110442407497902,0.00952023820770778,"CD274/RSAD2/LILRB4/MICA/P2RX7/FCGR3A/CTSH/LILRB1/CYRIB/CEACAM1/PTPRC/UNC93B1/TNFRSF1B/USP5/NLRP3/KLRD1/CD81/SPN/CD55/PRF1/NCKAP1L/CD80/BTN3A3/UFL1",24
"GO:0006163","purine nucleotide metabolic process","58/1545","454/18860",0.127753303964758,1.55949987881898,3.60462871951373,0.000472625441365682,0.0111742157922886,0.00963227790275569,"PARP9/TSPO/NDUFV1/IDO1/ATP5F1E/SLC25A25/P2RX7/ATP5IF1/ATP6V1B2/ABCC9/BAD/HINT1/ATP5ME/NDUFB10/NDUFB7/NDUFS6/EP300/JMJD8/SULT1B1/NDUFC1/GTPBP1/GUK1/ABCC6/APRT/ME2/NDUFA2/ENTPD1/BLOC1S6/FIS1/NDUFA13/ADCY7/INSR/NDUFS5/KYNU/ATP5MG/GIMAP7/ITPA/NDUFA3/NUPR1/HIF1A/EPHA2/NME2/AK1/ACO1/PDE4B/NDUFB2/NDUFA9/PDE4C/NDUFC2/PDE4D/NME3/ATP5PO/ATP5PB/ZBTB7A/IDO2/PARP16/DCXR/RD3",58
"GO:0050860","negative regulation of T cell receptor signaling pathway","9/1545","30/18860",0.3,3.6621359223301,4.35891115642842,0.000476437332663999,0.0111832918025317,0.00964010150796741,"GBP1/ELF1/EZR/LILRB4/LGALS3/CEACAM1/PHPT1/UBASH3A/BTN2A2",9
"GO:0061900","glial cell activation","13/1545","56/18860",0.232142857142857,2.833795654184,4.10517953890898,0.000476984189196304,0.0111832918025317,0.00964010150796741,"ZEB2/CLU/TLR1/JUN/PTPRC/TLR3/TLR6/LRP1/CX3CR1/JAK2/CCL3/MAPT/STAP1",13
"GO:0035023","regulation of Rho protein signal transduction","18/1545","93/18860",0.193548387096774,2.36266833698716,3.93501630498711,0.000484183414174709,0.0112582647585169,0.00970472889307115,"SYNPO2L/DOCK8/ARHGEF3/AKAP13/ABCA1/EPS8L2/CDC42SE2/OPHN1/ARHGEF2/PLXNB1/DOCK10/KANK2/ITGA3/ARRB1/SEMA4D/ARHGAP30/DOCK11/ADGRG1",18
"GO:0071357","cellular response to type I interferon","18/1545","93/18860",0.193548387096774,2.36266833698716,3.93501630498711,0.000484183414174709,0.0112582647585169,0.00970472889307115,"IFIT1/OAS3/OAS2/USP18/OASL/IFITM3/STAT1/IFITM1/OAS1/SP100/IRF7/STAT2/TRIM6/NLRC5/IFIH1/UBR4/TANK/ISG15",18
"GO:0007584","response to nutrient","27/1545","167/18860",0.161676646706587,1.97360618568688,3.774977619953,0.000495938179408852,0.0114841322449943,0.00989942876636774,"CXCL10/IGFBP2/STAT1/TSPO/EEF2/NCOA1/AQP3/COX4I1/CYBB/ABCA1/F5/POR/CYP26A1/NOD2/DGAT2/GPX1/SOD2/KYNU/GSTP1/MED1/SREBF1/SPP1/TRIM25/KANK2/GPRIN3/C2/CD4",27
"GO:0006122","mitochondrial electron transport, ubiquinol to cytochrome c","6/1545","14/18860",0.428571428571429,5.23162274618585,4.73122597551262,0.000505151906035046,0.011649548259259,0.0100420189085828,"UQCRQ/UQCR11/UQCRC1/UQCRFS1/UQCRHL/UQCRH",6
"GO:0098543","detection of other organism","7/1545","19/18860",0.368421052631579,4.49735990461591,4.55593455241132,0.000509757452610853,0.0117077762687399,0.0100922119941173,"TLR1/CLEC7A/NAIP/TLR2/NOD2/TLR6/NOD1",7
"GO:0070232","regulation of T cell apoptotic process","11/1545","43/18860",0.255813953488372,3.12275156167683,4.16265605860726,0.00053143682213855,0.012156077228348,0.0104786515892787,"CD274/IDO1/P2RX7/DOCK8/LGALS3/PERP/LGALS9/EFNA1/HIF1A/PRKCQ/CCL5",11
"GO:0001776","leukocyte homeostasis","21/1545","118/18860",0.177966101694915,2.17245351324667,3.81628669658514,0.000561397182250573,0.0127894005851173,0.0110245822109978,"TNFSF13B/P2RX7/AIM2/TNFSF14/AKT1/FCER1G/MIF/SIVA1/STAT5A/LGALS9/IL2RA/FAM3D/GAPT/HIF1A/NCKAP1L/DOCK10/PRDX2/PDE4B/FAS/LYN/DOCK11",21
"GO:0031295","T cell costimulation","12/1545","50/18860",0.24,2.92970873786408,4.08126403353391,0.000565131991997965,0.01282257144747,0.0110531758027446,"CD274/TNFSF13B/LILRB4/PDCD1LG2/TNFSF14/AKT1/CD86/CD81/SPN/FYN/LYN/CD80",12
"GO:0045953","negative regulation of natural killer cell mediated cytotoxicity","8/1545","25/18860",0.32,3.9062783171521,4.34346891802219,0.000606825607502027,0.0137132839092928,0.0118209782260382,"HAVCR2/MICA/LILRB1/SERPINB9/CEACAM1/KLRD1/LGALS9/INPP5D",8
"GO:0060760","positive regulation of response to cytokine stimulus","15/1545","72/18860",0.208333333333333,2.54314994606257,3.91873977193338,0.000624720514437628,0.0140612093389621,0.012120893181173,"PARP14/PARP9/CASP4/CASP1/IRF7/AGPAT2/CD300LF/TLR2/TRIM6/MED1/HIF1A/NLRC5/IFIH1/CXCR4/TXK",15
"GO:0050672","negative regulation of lymphocyte proliferation","18/1545","95/18860",0.189473684210526,2.31292795094532,3.83213443892883,0.000631872849861722,0.0141655319767805,0.0122108202648891,"CD274/IDO1/HAVCR2/LILRB4/PDCD1LG2/LILRB1/CD86/SCGB1A1/SDC4/MNDA/LGALS9/IL2RA/SPN/LYN/INPP5D/CD37/CD80/BTN2A2",18
"GO:0001915","negative regulation of T cell mediated cytotoxicity","5/1545","10/18860",0.5,6.10355987055016,4.8220294763449,0.000650639453077859,0.0144139693010595,0.0124249755482088,"LILRB1/CEACAM1/PTPRC/KLRD1/NCKAP1L",5
"GO:0042590","antigen processing and presentation of exogenous peptide antigen via MHC class I","5/1545","10/18860",0.5,6.10355987055016,4.8220294763449,0.000650639453077859,0.0144139693010595,0.0124249755482088,"LGMN/FCER1G/IFI30/MPEG1/CLEC4A",5
"GO:2000109","regulation of macrophage apoptotic process","5/1545","10/18860",0.5,6.10355987055016,4.8220294763449,0.000650639453077859,0.0144139693010595,0.0124249755482088,"IRF7/CCR5/NOD2/SELENOS/CCL5",5
"GO:0050691","regulation of defense response to virus by host","11/1545","44/18860",0.25,3.05177993527508,4.07010664434617,0.00065677196983913,0.0144927681344501,0.0124929008752062,"DTX3L/PARP9/TRIM22/STAT1/PML/MICB/AIM2/APOBEC3F/LILRB1/TRIM6/IL15",11
"GO:0050671","positive regulation of lymphocyte proliferation","25/1545","153/18860",0.163398692810458,1.99462740867652,3.68991523200192,0.00067079703097054,0.0147444331768407,0.0127098384815471,"CD274/RPL13A/IGFBP2/TNFSF13B/HAVCR2/FCGR3A/PDCD1LG2/ICOSLG/CD86/MIF/PTPRC/CD81/STAT5A/LGALS9/IL2RA/SPN/CD55/PRKCQ/NCKAP1L/JAK2/RASAL3/CCL5/CD80/IL15/CD4",25
"GO:0002269","leukocyte activation involved in inflammatory response","12/1545","51/18860",0.235294117647059,2.87226346849419,3.99927734040712,0.000684672475688239,0.0148546016128749,0.0128048046976752,"CLU/TLR1/JUN/PTPRC/TLR3/TLR6/CX3CR1/JAK2/SCNN1B/CCL3/MAPT/STAP1",12
"GO:0031294","lymphocyte costimulation","12/1545","51/18860",0.235294117647059,2.87226346849419,3.99927734040712,0.000684672475688239,0.0148546016128749,0.0128048046976752,"CD274/TNFSF13B/LILRB4/PDCD1LG2/TNFSF14/AKT1/CD86/CD81/SPN/FYN/LYN/CD80",12
"GO:0010720","positive regulation of cell development","57/1545","451/18860",0.126385809312639,1.54280670785525,3.4852240494805,0.000686210907145694,0.0148546016128749,0.0128048046976752,"OPRM1/TIAM2/TSPO/CCR1/ZEB2/LILRB4/DAG1/BAD/CLEC7A/CD86/QKI/EP300/PRKCH/EVI2B/PTPRC/IL2RG/TNFRSF1B/STK25/NLRP3/NFKBID/RHOH/GFAP/STAT5A/MAP6/NKAP/LGALS9/FZD3/IL2RA/OBSL1/SERPINF1/HCLS1/BNC1/PLXNB2/HIF1A/WDR62/CX3CR1/PLXNB1/PLXNC1/NCKAP1L/NPTN/GLI3/CD101/VNN1/TRPV2/SEMA4D/CASP8/LYN/INPP5D/CORO1C/CD80/CXCR4/MAPT/IL15/BTN2A2/CD4/SLC7A5/UFL1",57
"GO:0002532","production of molecular mediator involved in inflammatory response","22/1545","128/18860",0.171875,2.09809870550162,3.72363080107509,0.000686971921364771,0.0148546016128749,0.0128048046976752,"GBP5/RPS19/CCR1/LILRB4/CLEC7A/FCER1G/CHRNA7/TLR3/NOD2/TLR6/ADCY7/ALOX5AP/SLAMF8/CUEDC2/PLA2G10/HIF1A/JAK2/PRDX2/LYN/SERPINE1/IL17RC/MEFV",22
"GO:0097193","intrinsic apoptotic signaling pathway","45/1545","335/18860",0.134328358208955,1.63976235328213,3.52918398588858,0.000689008534025297,0.0148546016128749,0.0128048046976752,"IFI16/RPL26/PML/CASP4/IFI6/CRIP1/RPS7/CLU/TPT1/WFS1/BAD/HINT1/SEPTIN4/AKT1/EP300/P4HB/MIF/SIVA1/USP15/FNIP2/TNFRSF1B/STK25/FIS1/NBN/PERP/MCL1/GRINA/GPX1/PPIA/SOD2/RACK1/ARHGEF2/NUPR1/HIF1A/EPHA2/JAK2/FYN/SELENOS/CARD8/PTTG1IP/VNN1/IL20RA/BRCA2/MAP2K4/ERN2",45
"GO:0006909","phagocytosis","36/1545","251/18860",0.143426294820717,1.75082195489885,3.57704686716944,0.000693155076109705,0.0148869603559897,0.0128326982350885,"APOA2/PLSCR1/CCL2/NCF2/P2RX7/CLEC7A/FCER1G/RUBCN/RAB31/CD300LF/MSR1/ABCA1/PTPRC/IL2RG/UNC13D/TLR2/ARHGAP25/SLC11A1/CDC42SE2/ELMO1/RACK1/CD93/ELMO3/ALOX15/DOCK2/LRP1/LYST/NCKAP1L/FYN/PECAM1/LYN/CORO1C/IL15/STAP1/FCGR2A/C2",36
"GO:0007565","female pregnancy","30/1545","197/18860",0.152284263959391,1.85895224483761,3.62012634743637,0.000700849358721711,0.0149750919680498,0.0129086685040684,"PCSK5/APOL2/IGFBP2/IGFBP7/IDO1/HAVCR2/BSG/ITGB4/MAGED2/CLDN4/CTSB/IGFBP5/ACE2/AKT1/DDR1/ACSL4/SCGB1A1/CITED2/TRIM28/ERRFI1/ADCY7/STAT5A/LGALS9/FBLN1/TPPP3/MED1/SPP1/ITGA3/THBD/VMP1",30
"GO:0062208","positive regulation of pattern recognition receptor signaling pathway","17/1545","88/18860",0.193181818181818,2.35819358634893,3.81469713179437,0.000702581176393309,0.0149750919680498,0.0129086685040684,"DDX60/RSAD2/OASL/GBP5/LRCH4/TRIM3/P2RX7/GBP2/TLR1/AKT1/ZC3HAV1/WDFY1/USP15/NLRP3/TLR6/IFI35/ABHD17A",17
"GO:0006959","humoral immune response","42/1545","307/18860",0.136807817589577,1.67002941083457,3.535642177438,0.000705602236398016,0.014982731261176,0.0129152536457678,"CXCL10/CXCL11/CXCL9/ROMO1/SERPING1/SLPI/CCL2/RPS19/RPL30/RPL39/CLU/LGALS3/FAU/CCL4/BPIFA1/CD59/PTPRC/NTS/IGHA1/SLC11A1/IGHA2/CD81/IGHG3/CFD/C1QC/CCL8/IGHM/IGHG4/CCL3L3/CD55/C1QB/H2BC21/HTN3/WFDC2/CCL5/CCL3/PI3/CD37/TF/C2/HMGN2/TFE3",42
"GO:0031341","regulation of cell killing","20/1545","112/18860",0.178571428571429,2.17984281091077,3.74083035613947,0.000718838016609938,0.0152063966897147,0.0131080553246482,"HAVCR2/MICA/CLU/P2RX7/LILRB1/CYRIB/CD59/SERPINB9/CEACAM1/PTPRC/KLRD1/STAT5A/LGALS9/CD55/CD226/PRF1/CX3CR1/NCKAP1L/INPP5D/STAP1",20
"GO:0001959","regulation of cytokine-mediated signaling pathway","30/1545","198/18860",0.151515151515152,1.84956359713641,3.58972948208039,0.000762730553630156,0.0160713145357805,0.0138536225493395,"OAS3/PARP14/USP18/PARP9/OAS1/CASP4/CASP1/IRF7/CARD16/AGPAT2/CD300LF/NAIP/STAT2/PTPRC/TRIM6/PPP2CB/SIGIRR/GSTP1/MED1/HIF1A/CARD8/NLRC5/CCL5/CASP8/ECM1/CXCR4/STAP1/TANK/ISG15/TXK",30
"GO:0009142","nucleoside triphosphate biosynthetic process","22/1545","129/18860",0.170542635658915,2.08183437445122,3.68287920054243,0.000765436697279042,0.0160713145357805,0.0138536225493395,"CMPK2/NDUFV1/ATP5F1E/ATP5IF1/ATP5ME/NDUFB10/NDUFB7/NDUFS6/NDUFC1/NDUFA2/NDUFA13/NDUFS5/ATP5MG/NDUFA3/NME2/AK1/NDUFB2/NDUFA9/NDUFC2/NME3/ATP5PO/ATP5PB",22
"GO:0070207","protein homotrimerization","6/1545","15/18860",0.4,4.88284789644013,4.49376400271919,0.000783767894091118,0.0163950257994451,0.0141326646682523,"PNPT1/P2RX7/MIF/MLKL/SLC1A5/ALOX5AP",6
"GO:0002230","positive regulation of defense response to virus by host","9/1545","32/18860",0.28125,3.43325242718447,4.11502410716175,0.000804416926082971,0.0165199052666747,0.0142403119300435,"DTX3L/PARP9/TRIM22/STAT1/PML/AIM2/APOBEC3F/LILRB1/TRIM6",9
"GO:0032607","interferon-alpha production","9/1545","32/18860",0.28125,3.43325242718447,4.11502410716175,0.000804416926082971,0.0165199052666747,0.0142403119300435,"STAT1/HAVCR2/IRF7/TLR8/ZC3HAV1/NMI/TLR3/IFIH1/TLR7",9
"GO:0032647","regulation of interferon-alpha production","9/1545","32/18860",0.28125,3.43325242718447,4.11502410716175,0.000804416926082971,0.0165199052666747,0.0142403119300435,"STAT1/HAVCR2/IRF7/TLR8/ZC3HAV1/NMI/TLR3/IFIH1/TLR7",9
"GO:0032682","negative regulation of chemokine production","9/1545","32/18860",0.28125,3.43325242718447,4.11502410716175,0.000804416926082971,0.0165199052666747,0.0142403119300435,"OAS3/OAS1/LILRB4/KLF4/LGALS9/SIGIRR/GSTP1/EPHA2/MEFV",9
"GO:0090025","regulation of monocyte chemotaxis","9/1545","32/18860",0.28125,3.43325242718447,4.11502410716175,0.000804416926082971,0.0165199052666747,0.0142403119300435,"CXCL10/PLA2G7/CCR1/LGMN/SLAMF8/CX3CR1/CCL5/LYN/SERPINE1",9
"GO:0060761","negative regulation of response to cytokine stimulus","20/1545","113/18860",0.176991150442478,2.16055216656643,3.69615625653071,0.000807481638080287,0.0165225424635555,0.0142425852182735,"OAS3/PARP14/USP18/OAS1/CARD16/KLF4/NAIP/STAT2/PTPRC/TLE5/PPP2CB/SIGIRR/GSTP1/CARD8/NLRC5/CCL5/ECM1/STAP1/TANK/ISG15",20
"GO:0002716","negative regulation of natural killer cell mediated immunity","8/1545","26/18860",0.307692307692308,3.75603684341548,4.20061360051759,0.000814120188185544,0.0165314672051868,0.0142502784285355,"HAVCR2/MICA/LILRB1/SERPINB9/CEACAM1/KLRD1/LGALS9/INPP5D",8
"GO:0032946","positive regulation of mononuclear cell proliferation","25/1545","155/18860",0.161290322580645,1.96889028082263,3.61804460229781,0.000814909864733978,0.0165314672051868,0.0142502784285355,"CD274/RPL13A/IGFBP2/TNFSF13B/HAVCR2/FCGR3A/PDCD1LG2/ICOSLG/CD86/MIF/PTPRC/CD81/STAT5A/LGALS9/IL2RA/SPN/CD55/PRKCQ/NCKAP1L/JAK2/RASAL3/CCL5/CD80/IL15/CD4",25
"GO:0032945","negative regulation of mononuclear cell proliferation","18/1545","97/18860",0.185567010309278,2.26523871484336,3.73181000233222,0.000816731452468798,0.0165314672051868,0.0142502784285355,"CD274/IDO1/HAVCR2/LILRB4/PDCD1LG2/LILRB1/CD86/SCGB1A1/SDC4/MNDA/LGALS9/IL2RA/SPN/LYN/INPP5D/CD37/CD80/BTN2A2",18
"GO:0070665","positive regulation of leukocyte proliferation","27/1545","173/18860",0.15606936416185,1.90515741624109,3.57264362510177,0.000866365971482426,0.017473266385418,0.0150621180780646,"CD274/RPL13A/IGFBP2/TNFSF13B/HAVCR2/FCGR3A/PDCD1LG2/ICOSLG/CD86/MIF/CSF2RA/PTPRC/CD81/STAT5A/LGALS9/IL2RA/SPN/CD55/PRKCQ/NCKAP1L/JAK2/RASAL3/CCL5/LYN/CD80/IL15/CD4",27
"GO:0039531","regulation of cytoplasmic pattern recognition receptor signaling pathway","23/1545","139/18860",0.165467625899281,2.01988312262811,3.60500281082021,0.000904652196400108,0.0181802782469408,0.0156715688759838,"DDX60/EIF2AK2/RSAD2/IFI16/OASL/GBP5/TRIM3/P2RX7/GBP2/AKT1/ZC3HAV1/WDFY1/NOP53/USP15/TLR3/NLRP3/TLR6/BIRC3/RICTOR/TKFC/CARD8/ABHD17A/MEFV",23
"GO:0008631","intrinsic apoptotic signaling pathway in response to oxidative stress","14/1545","67/18860",0.208955223880597,2.55074143843887,3.79831571891073,0.000908539937058853,0.0181814903013665,0.0156726136781677,"PML/AKT1/P4HB/STK25/MCL1/GPX1/PPIA/SOD2/RACK1/HIF1A/JAK2/FYN/VNN1/MAP2K4",14
"GO:0002703","regulation of leukocyte mediated immunity","37/1545","264/18860",0.140151515151515,1.71084632735118,3.47440341172355,0.000911174740534096,0.0181814903013665,0.0156726136781677,"CD274/RSAD2/HAVCR2/LILRB4/MICA/P2RX7/CD84/GAB2/PRAM1/CLEC7A/LILRB1/FCER1G/SUPT6H/CYRIB/SERPINB9/CEACAM1/PTPRC/UNC13D/TLR3/TNFRSF1B/NOD2/USP5/NLRP3/KLRD1/CD81/STAT5A/LGALS9/SPN/CD55/CD226/CX3CR1/NCKAP1L/LYN/INPP5D/CD80/STAP1/UFL1",37
"GO:1905477","positive regulation of protein localization to membrane","17/1545","90/18860",0.188888888888889,2.30578928443006,3.70915124858878,0.000916257364780381,0.0182183045640255,0.0157043479148521,"EZR/AGR2/CIB1/LGALS3/AKT1/TNFAIP6/PRKCH/CD81/SSH1/RACK1/LRP1/EPHA2/FYN/ITGA3/LYN/PGRMC1/PTPN9",17
"GO:0060135","maternal process involved in female pregnancy","13/1545","60/18860",0.216666666666667,2.64487594390507,3.81190592385225,0.000959279797315917,0.0190065754207629,0.016383844722134,"APOL2/HAVCR2/BSG/CTSB/ACE2/AKT1/CITED2/ADCY7/LGALS9/TPPP3/MED1/SPP1/ITGA3",13
"GO:0050856","regulation of T cell receptor signaling pathway","12/1545","53/18860",0.226415094339623,2.7638761677963,3.84112631491227,0.000987743141402869,0.0195018619532419,0.016810786317948,"GBP1/ELF1/EZR/LILRB4/LGALS3/CEACAM1/PTPRC/CD81/CD226/PHPT1/UBASH3A/BTN2A2",12
"GO:0009206","purine ribonucleoside triphosphate biosynthetic process","20/1545","115/18860",0.173913043478261,2.12297734627832,3.60819098713542,0.00101328901230369,0.0199362841686464,0.0171852623065712,"NDUFV1/ATP5F1E/ATP5IF1/ATP5ME/NDUFB10/NDUFB7/NDUFS6/NDUFC1/NDUFA2/NDUFA13/NDUFS5/ATP5MG/NDUFA3/NME2/NDUFB2/NDUFA9/NDUFC2/NME3/ATP5PO/ATP5PB",20
"GO:0001562","response to protozoan","9/1545","33/18860",0.272727272727273,3.32921447484554,4.00025994136645,0.00102657782919609,0.0201273639194649,0.0173499748282986,"GBP1/GBP4/GBP2/CLEC7A/BATF2/SLC11A1/SPN/LYST/CD37",9
"GO:0002228","natural killer cell mediated immunity","17/1545","91/18860",0.186813186813187,2.28045094064512,3.65742472682913,0.00104237053384501,0.0203660381734231,0.0175557142542317,"HAVCR2/SLAMF7/MICA/TUBB4B/FCGR3A/LILRB1/SERPINB9/CEACAM1/UNC13D/RNF19B/KLRD1/STAT5A/LGALS9/CD226/LYST/CD2/INPP5D",17
"GO:0002761","regulation of myeloid leukocyte differentiation","22/1545","132/18860",0.166666666666667,2.03451995685005,3.56280835817351,0.00104909167946484,0.0204264321119331,0.0176077743907266,"IRF7/CCR1/LILRB4/LILRB1/QKI/TNFAIP6/CEACAM1/EVI2B/TLR3/STAT5A/C1QC/INHBA/HCLS1/CD101/CASP8/CCL3/LYN/INPP5D/CORO1C/TOB2/CD4/TFE3",22
"GO:0034154","toll-like receptor 7 signaling pathway","5/1545","11/18860",0.454545454545455,5.54869079140924,4.50765765562853,0.00111250427123735,0.0213653977278245,0.0184171714814504,"RSAD2/HAVCR2/PIK3AP1/UNC93B1/TLR7",5
"GO:0039530","MDA-5 signaling pathway","5/1545","11/18860",0.454545454545455,5.54869079140924,4.50765765562853,0.00111250427123735,0.0213653977278245,0.0184171714814504,"OAS3/DDX60/IRF7/TKFC/IFIH1",5
"GO:0046645","positive regulation of gamma-delta T cell activation","5/1545","11/18860",0.454545454545455,5.54869079140924,4.50765765562853,0.00111250427123735,0.0213653977278245,0.0184171714814504,"LILRB1/PTPRC/NOD2/STAT5A/NCKAP1L",5
"GO:0090085","regulation of protein deubiquitination","5/1545","11/18860",0.454545454545455,5.54869079140924,4.50765765562853,0.00111250427123735,0.0213653977278245,0.0184171714814504,"TRIM21/NOP53/UBXN1/DNAJB2/TANK",5
"GO:0008637","apoptotic mitochondrial changes","20/1545","116/18860",0.172413793103448,2.10467581743109,3.56488092433119,0.00113204491240015,0.0215932770239851,0.0186136055533983,"IFIT2/IFI6/CLU/ATP5IF1/TNFSF10/BAD/SLC25A6/AKT1/LMNA/JTB/SIVA1/PPM1K/FIS1/MCL1/FMC1/GPX1/SOD2/PPP2CB/SLC25A5/EYA2",20
"GO:0009145","purine nucleoside triphosphate biosynthetic process","20/1545","116/18860",0.172413793103448,2.10467581743109,3.56488092433119,0.00113204491240015,0.0215932770239851,0.0186136055533983,"NDUFV1/ATP5F1E/ATP5IF1/ATP5ME/NDUFB10/NDUFB7/NDUFS6/NDUFC1/NDUFA2/NDUFA13/NDUFS5/ATP5MG/NDUFA3/NME2/NDUFB2/NDUFA9/NDUFC2/NME3/ATP5PO/ATP5PB",20
"GO:0050858","negative regulation of antigen receptor-mediated signaling pathway","10/1545","40/18860",0.25,3.05177993527508,3.88028199660145,0.001145117464746,0.0216114116347487,0.018629237756479,"GBP1/ELF1/EZR/LILRB4/LGALS3/CEACAM1/PHPT1/LYN/UBASH3A/BTN2A2",10
"GO:0031099","regeneration","29/1545","194/18860",0.149484536082474,1.82477563140159,3.44923972571151,0.00114836681067168,0.0216114116347487,0.018629237756479,"CD9/TSPO/PTPRF/RPS15/PNPT1/CFLAR/DAG1/KLF4/LAMB2/JUN/NACA/CD81/GFAP/GPX1/IGF2R/PTPRU/GSTP1/MED1/SPP1/JAK2/EPPK1/WNT7A/TOP1/IFRD1/RGMA/MTR/ADAM15/LCP1/SLC7A5",29
"GO:0062207","regulation of pattern recognition receptor signaling pathway","30/1545","203/18860",0.147783251231527,1.80400784351236,3.44032699275216,0.00114934737005957,0.0216114116347487,0.018629237756479,"DDX60/EIF2AK2/RSAD2/IFI16/OASL/GBP5/LRCH4/IRF7/TRIM3/P2RX7/GBP2/TLR1/AKT1/ZC3HAV1/WDFY1/CD300LF/IRF1/NOP53/USP15/TLR3/NLRP3/TLR6/BIRC3/RICTOR/TKFC/CARD8/IFI35/LYN/ABHD17A/MEFV",30
"GO:0050764","regulation of phagocytosis","19/1545","108/18860",0.175925925925926,2.14754884334172,3.57249462734301,0.00116178637168085,0.0216114116347487,0.018629237756479,"APOA2/PLSCR1/CCL2/CLEC7A/FCER1G/RAB31/CD300LF/PTPRC/IL2RG/TLR2/SLC11A1/RACK1/ALOX15/DOCK2/NCKAP1L/IL15/STAP1/FCGR2A/C2",19
"GO:0002468","dendritic cell antigen processing and presentation","6/1545","16/18860",0.375,4.57766990291262,4.27647596218105,0.00116756160244599,0.0216114116347487,0.018629237756479,"CD68/MPEG1/NOD2/CLEC4A/SLC11A1/NOD1",6
"GO:0016045","detection of bacterium","6/1545","16/18860",0.375,4.57766990291262,4.27647596218105,0.00116756160244599,0.0216114116347487,0.018629237756479,"TLR1/NAIP/TLR2/NOD2/TLR6/NOD1",6
"GO:0070234","positive regulation of T cell apoptotic process","6/1545","16/18860",0.375,4.57766990291262,4.27647596218105,0.00116756160244599,0.0216114116347487,0.018629237756479,"CD274/IDO1/P2RX7/PERP/LGALS9/CCL5",6
"GO:0141201","pyroptotic cell death","6/1545","16/18860",0.375,4.57766990291262,4.27647596218105,0.00116756160244599,0.0216114116347487,0.018629237756479,"CASP4/CASP1/AIM2/PRF1/CARD8/GSDMB",6
"GO:1901741","positive regulation of myoblast fusion","6/1545","16/18860",0.375,4.57766990291262,4.27647596218105,0.00116756160244599,0.0216114116347487,0.018629237756479,"CXCL9/TNFSF14/SCGB3A1/GDF15/CCL8/CD53",6
"GO:0033273","response to vitamin","17/1545","92/18860",0.184782608695652,2.25566343042071,3.60637170229126,0.00118293057821159,0.0217527789660021,0.0187510977103509,"CXCL10/TSPO/EEF2/AQP3/ABCA1/F5/CYP26A1/GPX1/SOD2/KYNU/GSTP1/MED1/SPP1/TRIM25/KANK2/GPRIN3/CD4",17
"GO:0060337","type I interferon-mediated signaling pathway","17/1545","92/18860",0.184782608695652,2.25566343042071,3.60637170229126,0.00118293057821159,0.0217527789660021,0.0187510977103509,"OAS3/OAS2/USP18/OASL/IFITM3/STAT1/IFITM1/OAS1/SP100/IRF7/STAT2/TRIM6/NLRC5/IFIH1/UBR4/TANK/ISG15",17
"GO:0006164","purine nucleotide biosynthetic process","30/1545","204/18860",0.147058823529412,1.79516466780887,3.41094892051266,0.00124441743967189,0.022808915091315,0.019661496869563,"PARP9/NDUFV1/IDO1/ATP5F1E/ATP5IF1/ATP5ME/NDUFB10/NDUFB7/NDUFS6/NDUFC1/GUK1/APRT/NDUFA2/NDUFA13/ADCY7/NDUFS5/KYNU/ATP5MG/NDUFA3/NME2/AK1/NDUFB2/NDUFA9/NDUFC2/NME3/ATP5PO/ATP5PB/IDO2/PARP16/RD3",30
"GO:0046034","ATP metabolic process","34/1545","241/18860",0.141078838174274,1.72216627052868,3.37038776785338,0.00128261919442274,0.0234327863864181,0.0201992797262474,"TSPO/NDUFV1/ATP5F1E/SLC25A25/P2RX7/ATP5IF1/ATP6V1B2/ABCC9/BAD/ATP5ME/NDUFB10/NDUFB7/NDUFS6/EP300/JMJD8/NDUFC1/ABCC6/NDUFA2/BLOC1S6/FIS1/NDUFA13/INSR/NDUFS5/ATP5MG/NDUFA3/NUPR1/HIF1A/AK1/NDUFB2/NDUFA9/NDUFC2/ATP5PO/ATP5PB/ZBTB7A",34
"GO:0034976","response to endoplasmic reticulum stress","39/1545","288/18860",0.135416666666667,1.65304746494067,3.33598414957725,0.00130083041655261,0.0236885849642121,0.0204197804785366,"EIF2AK2/PML/CASP4/EEF2/SEC61B/AGR2/CLU/WFS1/AKT1/P4HB/MBTPS1/JUN/MARCKS/PIK3R2/FIS1/GRINA/UBXN6/RPAP2/RACK1/PPP2CB/NOD1/FAM8A1/STUB1/ALOX15/UBXN1/NUPR1/TRIM25/ATAD3A/SELENOS/ERLIN1/MANF/SDF2L1/MBTPS2/PARP16/DNAJB2/FBXO44/FOXRED2/UFL1/ERN2",39
"GO:0034446","substrate adhesion-dependent cell spreading","18/1545","101/18860",0.178217821782178,2.17552629049313,3.53834777131306,0.00132807678353711,0.0240667847711141,0.0207457922283153,"GBP1/TACSTD2/CIB1/NTN4/DAB2/P4HB/UNC13D/FERMT3/DOCK5/PEAK1/EFNA1/FBLN1/DMTN/LAMA5/KIF14/CORO1C/PREX1/PARVA",18
"GO:0042157","lipoprotein metabolic process","16/1545","85/18860",0.188235294117647,2.29781077479536,3.58214523269496,0.00133015284588884,0.0240667847711141,0.0207457922283153,"APOL2/APOL6/APOA2/APOL3/GLUL/OLR1/ABCA1/ATG7/DGAT2/APOL1/ZDHHC15/CTSD/HHAT/APOL4/PPM1B/ABHD17A",16
"GO:0006091","generation of precursor metabolites and energy","60/1545","494/18860",0.121457489878543,1.48264612240085,3.24711245917298,0.00134985109199247,0.0243449105597487,0.0209855392439315,"OAS1/NDUFV1/ATP5F1E/UQCRQ/SLC25A25/PNPT1/P2RX7/ATP5IF1/FDXR/ABCC9/ATG12/COX4I1/ATP5ME/NDUFB10/UQCR11/AKT1/NDUFB7/MT3/NR4A3/NDUFS6/CHCHD2/EP300/COX6A1/JMJD8/NDUFC1/NOP53/PYGM/NDUFA2/POR/UQCRC1/UQCRFS1/NDUFA13/INSR/SOD2/NDUFS5/GNPDA1/ATP5MG/NDUFA3/NUPR1/BLOC1S1/HIF1A/ACO2/CISD1/SELENOS/ACO1/COX5A/NDUFB2/NDUFA9/NDUFC2/UQCRHL/COX5B/ATG2A/ATP5PO/ATP5PB/ZBTB7A/MTLN/COX8A/UQCRH/COX7A2/CYB561",60
"GO:0033028","myeloid cell apoptotic process","10/1545","41/18860",0.24390243902439,2.97734627831715,3.78607063591058,0.00140488436773593,0.0252564994800322,0.0217713373685124,"IRF7/FCER1G/PLEKHO2/CCR5/MIF/NOD2/STAT5A/CTSL/SELENOS/CCL5",10
"GO:0001774","microglial cell activation","11/1545","48/18860",0.229166666666667,2.79746494066882,3.72456781526378,0.00142900995636722,0.0256084045365552,0.0220746827989948,"CLU/TLR1/JUN/PTPRC/TLR3/TLR6/CX3CR1/JAK2/CCL3/MAPT/STAP1",11
"GO:0034612","response to tumor necrosis factor","34/1545","244/18860",0.139344262295082,1.70099209507136,3.29213148901587,0.00158651795542983,0.0283407509054083,0.0244299907723329,"GBP1/TNFSF13B/STAT1/CASP4/NUB1/CASP1/CCL2/CARD16/GBP2/CIB1/AIM2/KRT8/AKT1/NSMAF/NAIP/KRT18/TRAF1/TNFRSF1B/TNFRSF19/PPP2CB/ARHGEF2/BIRC3/GSTP1/JAK2/CARD8/CCL5/CARD14/GCH1/FAS/CASP8/CCL3/TRADD/ZNF268/TANK",34
"GO:0010562","positive regulation of phosphorus metabolic process","42/1545","320/18860",0.13125,1.60218446601942,3.24535340634002,0.00160644093099106,0.0285155934343429,0.0245807066578344,"PARP14/PARP9/P2RX7/FLT1/LCP2/CIB1/AKT1/MT3/FGFR3/JTB/MIF/PIK3R5/PTPRC/TNFSF15/SDCBP/TLR3/TRIM6/TLR6/PPIA/INSR/RACK1/MYDGF/EFNA1/CCNY/STK4/ARHGEF2/HIF1A/NPTN/JAK2/CAMK1/ARRB1/CARD14/NDUFC2/SEMA4D/KIF14/LYN/ODAM/CD80/ZNF268/IL15/CD4/TRAF4",42
"GO:0045937","positive regulation of phosphate metabolic process","42/1545","320/18860",0.13125,1.60218446601942,3.24535340634002,0.00160644093099106,0.0285155934343429,0.0245807066578344,"PARP14/PARP9/P2RX7/FLT1/LCP2/CIB1/AKT1/MT3/FGFR3/JTB/MIF/PIK3R5/PTPRC/TNFSF15/SDCBP/TLR3/TRIM6/TLR6/PPIA/INSR/RACK1/MYDGF/EFNA1/CCNY/STK4/ARHGEF2/HIF1A/NPTN/JAK2/CAMK1/ARRB1/CARD14/NDUFC2/SEMA4D/KIF14/LYN/ODAM/CD80/ZNF268/IL15/CD4/TRAF4",42
"GO:0002285","lymphocyte activation involved in immune response","33/1545","235/18860",0.140425531914894,1.71419128279281,3.29088464766624,0.00161982436385591,0.0286627411805573,0.0247075493831448,"SEMA6D/HAVCR2/CLEC4E/LGALS3/FCGR3A/LILRB1/FCER1G/ICOSLG/CD86/SUPT6H/EP300/STAT4/CEACAM1/PTPRC/UNC13D/SLC11A1/NBN/NLRP3/NFKBID/CD81/STAT5A/LGALS9/SPN/GAPT/TMEM98/NCKAP1L/JAK2/DOCK10/CD80/CD69/DOCK11/APBB1IP/LCP1",33
"GO:0071356","cellular response to tumor necrosis factor","32/1545","226/18860",0.141592920353982,1.72844173325314,3.29085174319839,0.00164969297085887,0.0290997565737394,0.0250842607151219,"GBP1/TNFSF13B/STAT1/CASP4/CASP1/CCL2/CARD16/GBP2/CIB1/AIM2/KRT8/AKT1/NSMAF/NAIP/KRT18/TRAF1/TNFRSF1B/TNFRSF19/PPP2CB/ARHGEF2/BIRC3/GSTP1/JAK2/CARD8/CCL5/CARD14/FAS/CASP8/CCL3/TRADD/ZNF268/TANK",32
"GO:0032755","positive regulation of interleukin-6 production","18/1545","103/18860",0.174757281553398,2.13328306155151,3.44498745725499,0.00167210914201195,0.029362014243542,0.0253103292647744,"BSG/TMEM106A/P2RX7/TLR8/TLR1/CLEC7A/FCER1G/UNC93B1/TLR3/TLR2/NOD2/TLR6/LGALS9/NOD1/ARHGEF2/IFIH1/TLR7/IL17RC",18
"GO:0044703","multi-organism reproductive process","31/1545","217/18860",0.142857142857143,1.74387424872862,3.29218184769816,0.00167542483198972,0.029362014243542,0.0253103292647744,"PCSK5/APOL2/IGFBP2/IGFBP7/IDO1/HAVCR2/BSG/ITGB4/MAGED2/CLDN4/CTSB/IGFBP5/ACE2/AKT1/DDR1/ACSL4/SCGB1A1/CITED2/TRIM28/ERRFI1/ADCY7/STAT5A/LGALS9/FBLN1/TPPP3/MED1/SPP1/IQUB/ITGA3/THBD/VMP1",31
"GO:0044790","suppression of viral release by host","6/1545","17/18860",0.352941176470588,4.30839520274129,4.07642206075822,0.00168021478344065,0.029362014243542,0.0253103292647744,"TRIM5/PML/TRIM21/TRIM28/TRIM8/TRIM25",6
"GO:0042130","negative regulation of T cell proliferation","15/1545","79/18860",0.189873417721519,2.31780754577854,3.50605321454663,0.00169695396363147,0.0294714813375131,0.0254046909175237,"CD274/IDO1/HAVCR2/LILRB4/PDCD1LG2/LILRB1/CD86/SCGB1A1/SDC4/LGALS9/IL2RA/SPN/CD37/CD80/BTN2A2",15
"GO:0050766","positive regulation of phagocytosis","15/1545","79/18860",0.189873417721519,2.31780754577854,3.50605321454663,0.00169695396363147,0.0294714813375131,0.0254046909175237,"APOA2/CCL2/CLEC7A/FCER1G/RAB31/CD300LF/PTPRC/IL2RG/SLC11A1/DOCK2/NCKAP1L/IL15/STAP1/FCGR2A/C2",15
"GO:0050798","activated T cell proliferation","11/1545","49/18860",0.224489795918367,2.74037381943068,3.64373650831603,0.00170846580464918,0.0294893775544814,0.0254201176229364,"CD274/IGFBP2/LILRB4/PDCD1LG2/BTN3A1/ICOSLG/STAT5A/LGALS9/IL2RA/FYN/BTN2A2",11
"GO:2000516","positive regulation of CD4-positive, alpha-beta T cell activation","11/1545","49/18860",0.224489795918367,2.74037381943068,3.64373650831603,0.00170846580464918,0.0294893775544814,0.0254201176229364,"CD86/EP300/IL2RG/NLRP3/NFKBID/CD81/LGALS9/CD55/PRKCQ/NCKAP1L/CD80",11
"GO:0006887","exocytosis","47/1545","370/18860",0.127027027027027,1.55063412927491,3.19527217036534,0.00174614212964409,0.0300475283287685,0.0259012487796554,"CCR1/P2RX7/CD84/RPH3A/S100A13/FCGR3A/SDC1/GAB2/PRAM1/SEPTIN4/RAB25/FCER1G/NR4A3/MILR1/RAB31/PLEK/RAB8A/LIN7A/SDC4/CEACAM1/TRIM72/SDCBP/UNC13D/BLOC1S6/DVL1/TMED10/SYT2/SYNJ1/CCL8/LGALS9/SYNGR1/LLGL1/NAPB/UNC13C/NCKAP1L/SMCR8/CCL5/WNT7A/CBL/TMEM167B/CCL3/LYN/RALA/EXOC8/NAPA/SCAMP3/SEPTIN1",47
"GO:0038061","non-canonical NF-kappaB signal transduction","23/1545","146/18860",0.157534246575342,1.92303941126923,3.34445752034656,0.00177842095084508,0.030334536067391,0.0261486521187391,"EIF2AK2/HAVCR2/TRIM21/TNFSF14/CD86/NMI/TNFSF15/TLR3/NOD2/ECSIT/NLRP3/TLR6/LGALS9/NOD1/REL/BIRC3/CARD14/IFI35/NDUFC2/TRADD/ZNF268/PPM1B/LITAF",23
"GO:0050868","negative regulation of T cell activation","23/1545","146/18860",0.157534246575342,1.92303941126923,3.34445752034656,0.00177842095084508,0.030334536067391,0.0261486521187391,"CD274/IDO1/HAVCR2/LILRB4/LGALS3/PDCD1LG2/LILRB1/CD86/IRF1/SCGB1A1/SDC4/USP5/STAT5A/LGALS9/IL2RA/SPN/GLI3/PRDX2/CD37/CD80/CD69/BTN2A2/UFL1",23
"GO:0035771","interleukin-4-mediated signaling pathway","5/1545","12/18860",0.416666666666667,5.08629989212514,4.22961216846334,0.0017789935849012,0.030334536067391,0.0261486521187391,"PARP14/CD300LF/PTPRC/IL2RG/STAT5A",5
"GO:0002689","negative regulation of leukocyte chemotaxis","7/1545","23/18860",0.304347826086957,3.71521035598705,3.89200916887396,0.00185412058622625,0.0313264250841329,0.0270036696730396,"CCL2/MIF/TNFAIP6/SLAMF8/RIN3/DDT/STAP1",7
"GO:0090026","positive regulation of monocyte chemotaxis","7/1545","23/18860",0.304347826086957,3.71521035598705,3.89200916887396,0.00185412058622625,0.0313264250841329,0.0270036696730396,"CXCL10/PLA2G7/CCR1/LGMN/CX3CR1/CCL5/SERPINE1",7
"GO:0072593","reactive oxygen species metabolic process","33/1545","237/18860",0.139240506329114,1.69972553357093,3.23809359452357,0.00186526774714836,0.0313264250841329,0.0270036696730396,"ROMO1/PRDX5/TSPO/IFI6/NCF2/P2RX7/CFLAR/ATP5IF1/ABCC9/MB/CLEC7A/ACE2/CCN1/MT3/NDUFS6/CYBB/CBR1/GADD45A/TLR6/GPX1/SOD2/HBB/GSTP1/FYN/PRDX2/GCH1/NDUFC2/FAS/PLIN5/PREX1/MAPT/CYB5R4/DCXR",33
"GO:0006754","ATP biosynthetic process","18/1545","104/18860",0.173076923076923,2.11277072442121,3.39910494405963,0.00187056670130951,0.0313264250841329,0.0270036696730396,"NDUFV1/ATP5F1E/ATP5IF1/ATP5ME/NDUFB10/NDUFB7/NDUFS6/NDUFC1/NDUFA2/NDUFA13/NDUFS5/ATP5MG/NDUFA3/NDUFB2/NDUFA9/NDUFC2/ATP5PO/ATP5PB",18
"GO:0032602","chemokine production","18/1545","104/18860",0.173076923076923,2.11277072442121,3.39910494405963,0.00187056670130951,0.0313264250841329,0.0270036696730396,"OAS3/EIF2AK2/OAS1/HAVCR2/LILRB4/KLF4/CLEC7A/MIF/TLR3/TLR2/FFAR2/LGALS9/SIGIRR/GSTP1/HIF1A/EPHA2/TLR7/MEFV",18
"GO:0032642","regulation of chemokine production","18/1545","104/18860",0.173076923076923,2.11277072442121,3.39910494405963,0.00187056670130951,0.0313264250841329,0.0270036696730396,"OAS3/EIF2AK2/OAS1/HAVCR2/LILRB4/KLF4/CLEC7A/MIF/TLR3/TLR2/FFAR2/LGALS9/SIGIRR/GSTP1/HIF1A/EPHA2/TLR7/MEFV",18
"GO:0035710","CD4-positive, alpha-beta T cell activation","22/1545","138/18860",0.159420289855072,1.94606256742179,3.33192798499053,0.00189488660254336,0.0316395457344555,0.0272735825847878,"CD274/RSAD2/ICOSLG/CD86/EP300/STAT4/IL2RG/NLRP3/NFKBID/CD81/STAT5A/LGALS9/IL2RA/SPN/CD55/CTSL/TMEM98/PRKCQ/NCKAP1L/JAK2/CD80/CD69",22
"GO:0009201","ribonucleoside triphosphate biosynthetic process","20/1545","121/18860",0.165289256198347,2.01770574233063,3.35470262681739,0.00192044575025899,0.0318771334416146,0.0274783853972782,"NDUFV1/ATP5F1E/ATP5IF1/ATP5ME/NDUFB10/NDUFB7/NDUFS6/NDUFC1/NDUFA2/NDUFA13/NDUFS5/ATP5MG/NDUFA3/NME2/NDUFB2/NDUFA9/NDUFC2/NME3/ATP5PO/ATP5PB",20
"GO:0071621","granulocyte chemotaxis","20/1545","121/18860",0.165289256198347,2.01770574233063,3.35470262681739,0.00192044575025899,0.0318771334416146,0.0274783853972782,"CXCL10/CXCL9/C3AR1/CCL2/CMKLR1/BSG/LGALS3/FCER1G/CCL4/TNFAIP6/PERP/CXCR1/PPIA/CCL8/NCKAP1L/PDE4B/CCL5/CCL3/PREX1/IL17RC",20
"GO:0002762","negative regulation of myeloid leukocyte differentiation","12/1545","57/18860",0.210526315789474,2.5699199454948,3.5457955131146,0.00193118392260294,0.0319061529719515,0.0275034005022312,"LILRB4/LILRB1/QKI/TNFAIP6/CEACAM1/TLR3/C1QC/INHBA/CCL3/LYN/INPP5D/TOB2",12
"GO:1904377","positive regulation of protein localization to cell periphery","15/1545","80/18860",0.1875,2.28883495145631,3.45069701976698,0.0019335344168181,0.0319061529719515,0.0275034005022312,"EZR/AGR2/CIB1/LGALS3/AKT1/PRKCH/RACK1/LRP1/EPHA2/ITGA3/PIAS1/EPB41L2/LYN/PGRMC1/PTPN9",15
"GO:0045807","positive regulation of endocytosis","25/1545","165/18860",0.151515151515152,1.84956359713641,3.274066202015,0.0020105132882491,0.0329829687258825,0.0284316256935763,"APOA2/CCL2/CLU/CLEC7A/FCER1G/DAB2/RAB31/CD300LF/PTPRC/IL2RG/SLC11A1/INSR/DOCK2/LRP1/NCKAP1L/CBL/ARRB1/SERPINE1/IL15/STAP1/TF/ABCA13/FCGR2A/ANKFY1/C2",25
"GO:1903038","negative regulation of leukocyte cell-cell adhesion","25/1545","165/18860",0.151515151515152,1.84956359713641,3.274066202015,0.0020105132882491,0.0329829687258825,0.0284316256935763,"CD274/IDO1/HAVCR2/LILRB4/LGALS3/PDCD1LG2/KLF4/LILRB1/AKT1/CD86/IRF1/SCGB1A1/SDC4/USP5/STAT5A/LGALS9/IL2RA/SPN/GLI3/PRDX2/CD37/CD80/CD69/BTN2A2/UFL1",25
"GO:0043029","T cell homeostasis","11/1545","50/18860",0.22,2.68556634304207,3.56491171802811,0.00203094457232003,0.0332212939198978,0.0286370642265934,"P2RX7/AIM2/TNFSF14/AKT1/SIVA1/STAT5A/LGALS9/IL2RA/NCKAP1L/PRDX2/FAS",11
"GO:0046640","regulation of alpha-beta T cell proliferation","10/1545","43/18860",0.232558139534884,2.83886505606984,3.60596261230106,0.00206787426466743,0.033719357023828,0.0290663992528129,"CD274/IRF1/PTPRC/CD81/LGALS9/IL2RA/CD55/PRKCQ/JAK2/RASAL3",10
"GO:0001961","positive regulation of cytokine-mediated signaling pathway","13/1545","65/18860",0.2,2.44142394822006,3.47727926421733,0.00207937033717226,0.033719357023828,0.0290663992528129,"PARP14/PARP9/CASP4/CASP1/IRF7/AGPAT2/CD300LF/TRIM6/MED1/HIF1A/NLRC5/CXCR4/TXK",13
"GO:0032757","positive regulation of interleukin-8 production","13/1545","65/18860",0.2,2.44142394822006,3.47727926421733,0.00207937033717226,0.033719357023828,0.0290663992528129,"APOA2/TLR8/TLR1/CLEC7A/TLR3/TLR2/FFAR2/NOD2/LGALS9/NOD1/CD2/SERPINE1/TLR7",13
"GO:0097530","granulocyte migration","23/1545","148/18860",0.155405405405405,1.89705239219802,3.27265998357603,0.00213258849195208,0.034482975414409,0.0297246454050671,"CXCL10/CXCL9/C3AR1/CCL2/CMKLR1/BSG/LGALS3/FCER1G/CCL4/TNFAIP6/PERP/CXCR1/PPIA/CCL8/SLAMF8/FAM3D/NCKAP1L/PECAM1/PDE4B/CCL5/CCL3/PREX1/IL17RC",23
"GO:0002690","positive regulation of leukocyte chemotaxis","17/1545","97/18860",0.175257731958763,2.13939211957428,3.3606266220934,0.00215036953563992,0.0346013202167029,0.029826659724929,"CXCL10/PLA2G7/C3AR1/CCL2/CMKLR1/CCR1/LGMN/TNFSF14/CCL4/PERP/LGALS9/CX3CR1/NCKAP1L/CCL5/CCL3/SERPINE1/OXSR1",17
"GO:0002700","regulation of production of molecular mediator of immune response","29/1545","202/18860",0.143564356435644,1.75250728956391,3.2119307695601,0.00215220580697459,0.0346013202167029,0.029826659724929,"RSAD2/APOA2/PKP3/LILRB4/P2RX7/CLEC7A/LILRB1/FCER1G/NR4A3/CD86/SUPT6H/MIF/PTPRC/IL2RG/TLR3/TNFRSF1B/TRIM6/FFAR2/NOD2/NLRP3/CD81/NOD1/CUEDC2/CD55/CD226/CD37/TLR7/LITAF/SLC7A5",29
"GO:0043299","leukocyte degranulation","15/1545","81/18860",0.185185185185185,2.26057772983339,3.39616070729316,0.0021969360250712,0.0352198262480788,0.0303598176743983,"CD84/S100A13/FCGR3A/GAB2/PRAM1/FCER1G/NR4A3/MILR1/CEACAM1/UNC13D/LGALS9/NCKAP1L/CBL/CCL3/LYN",15
"GO:0034504","protein localization to nucleus","44/1545","345/18860",0.127536231884058,1.55685005393743,3.11815916370907,0.00222366343798618,0.0355470288793984,0.03064186938469,"DTX3L/PARP9/SP100/TXNIP/PML/KPNB1/GLUL/LILRB4/CREBBP/GBP2/COPS9/AKT1/EP300/LMNA/MBTPS1/LIMK2/KPNA5/NOP53/NUP98/PKIG/FAM53C/LMNB1/TRIM28/PIK3R2/DVL1/NPAP1/HCLS1/STK4/TRIM8/MED1/TMEM98/ZNF200/JAK2/FYN/GLI3/SUN1/PTTG1IP/ORMDL3/TNPO3/HNRNPU/MBTPS2/ZBTB7A/MCRS1/CHCHD10",44
"GO:0010758","regulation of macrophage chemotaxis","8/1545","30/18860",0.266666666666667,3.25523193096009,3.69265729136448,0.00227194542586307,0.0361136635913318,0.0311303137745376,"C3AR1/CCL2/CMKLR1/MIF/SLAMF8/CCL5/DDT/STAP1",8
"GO:0042832","defense response to protozoan","8/1545","30/18860",0.266666666666667,3.25523193096009,3.69265729136448,0.00227194542586307,0.0361136635913318,0.0311303137745376,"GBP1/GBP4/GBP2/CLEC7A/BATF2/SLC11A1/LYST/CD37",8
"GO:0002830","positive regulation of type 2 immune response","6/1545","18/18860",0.333333333333333,4.06903991370011,3.8912363801372,0.00234715635744177,0.0370995753464181,0.0319801788737187,"RSAD2/IDO1/CD86/NOD2/NLRP3/CD81",6
"GO:0070206","protein trimerization","6/1545","18/18860",0.333333333333333,4.06903991370011,3.8912363801372,0.00234715635744177,0.0370995753464181,0.0319801788737187,"PNPT1/P2RX7/MIF/MLKL/SLC1A5/ALOX5AP",6
"GO:0008347","glial cell migration","13/1545","66/18860",0.196969696969697,2.40443267627734,3.41409503611622,0.00239900074379652,0.0376021648616797,0.0324134157085892,"CD9/TSPO/CCL2/MBOAT7/PTPRB/CX3CR1/FYN/GLI3/SUN1/BMERB1/CCL3/STAP1/ADGRG1",13
"GO:0032623","interleukin-2 production","13/1545","66/18860",0.196969696969697,2.40443267627734,3.41409503611622,0.00239900074379652,0.0376021648616797,0.0324134157085892,"GBP1/EZR/HAVCR2/LILRB4/CLEC7A/CD86/PTPRC/STAT5A/PRKCQ/PDE4B/PDE4D/CD80/CD4",13
"GO:0032663","regulation of interleukin-2 production","13/1545","66/18860",0.196969696969697,2.40443267627734,3.41409503611622,0.00239900074379652,0.0376021648616797,0.0324134157085892,"GBP1/EZR/HAVCR2/LILRB4/CLEC7A/CD86/PTPRC/STAT5A/PRKCQ/PDE4B/PDE4D/CD80/CD4",13
"GO:0046641","positive regulation of alpha-beta T cell proliferation","7/1545","24/18860",0.291666666666667,3.5604099244876,3.7491524999293,0.00243463007275906,0.0379492061479646,0.0327125685239065,"PTPRC/CD81/LGALS9/CD55/PRKCQ/JAK2/RASAL3",7
"GO:0060143","positive regulation of syncytium formation by plasma membrane fusion","7/1545","24/18860",0.291666666666667,3.5604099244876,3.7491524999293,0.00243463007275906,0.0379492061479646,0.0327125685239065,"CXCL9/TNFSF14/SCGB3A1/GDF15/CCL8/CD53/CAMK1",7
"GO:0002418","immune response to tumor cell","9/1545","37/18860",0.243243243243243,2.96929939648386,3.58162829981243,0.00245917234159335,0.0379926144452133,0.032749986879714,"CD274/HAVCR2/MICA/CEACAM1/USP5/CD226/PRF1/ADAM15/UFL1",9
"GO:0010893","positive regulation of steroid biosynthetic process","9/1545","37/18860",0.243243243243243,2.96929939648386,3.58162829981243,0.00245917234159335,0.0379926144452133,0.032749986879714,"KPNB1/AKT1/DAB2/QKI/MBTPS1/POR/SREBF1/STARD4/MBTPS2",9
"GO:0032743","positive regulation of interleukin-2 production","9/1545","37/18860",0.243243243243243,2.96929939648386,3.58162829981243,0.00245917234159335,0.0379926144452133,0.032749986879714,"CLEC7A/CD86/PTPRC/STAT5A/PRKCQ/PDE4B/PDE4D/CD80/CD4",9
"GO:0098869","cellular oxidant detoxification","16/1545","90/18860",0.177777777777778,2.17015462064006,3.32387508761294,0.00246442229829445,0.0379926144452133,0.032749986879714,"PRDX5/GPX4/GSTA1/MB/MT3/GPX1/ALOX5AP/SOD2/CLIC2/SELENOW/HBB/GSTP1/MGST1/SELENOS/PRDX2/GCH1",16
"GO:0045940","positive regulation of steroid metabolic process","10/1545","44/18860",0.227272727272727,2.77434539570462,3.51976099398505,0.00248290435138164,0.0380689449188679,0.0328157844576699,"KPNB1/CES1/AKT1/DAB2/QKI/MBTPS1/POR/SREBF1/STARD4/MBTPS2",10
"GO:2000403","positive regulation of lymphocyte migration","10/1545","44/18860",0.227272727272727,2.77434539570462,3.51976099398505,0.00248290435138164,0.0380689449188679,0.0328157844576699,"CXCL10/DOCK8/TNFSF14/CCL4/P4HB/LGALS9/SPN/CCL5/CCL3/OXSR1",10
"GO:0010506","regulation of autophagy","47/1545","377/18860",0.124668435013263,1.52184251414248,3.0572871110668,0.00254626590978053,0.03893434313678,0.0335617657673589,"IFI16/TRIM22/TSPO/LAMP3/TOMM7/TRIM21/ATP5IF1/ATP6V1B2/IL10RA/BAD/ATG12/AKT1/RUBCN/EP300/CTTN/PLEKHF1/RAB8A/PIK3R2/NOD2/MCL1/GFAP/VPS13D/CAMKK2/NOD1/STUB1/NRBP2/CCNY/NUPR1/TRIM8/HIF1A/SREBF1/TMEM59/SMCR8/CISD1/LZTS1/MAPK15/ORMDL3/SLC25A5/ATG2A/ULK3/MAPT/UBR4/EXOC8/SLC7A5/MEFV/UFL1/NEDD4",47
"GO:0006364","rRNA processing","31/1545","223/18860",0.139013452914798,1.69695386535475,3.12738093400535,0.0025803006521654,0.0392623593627767,0.0338445188038265,"RPS8/RPL26/RPS28/RPS21/RPS17/RPS15/RPL35/RPS19/RPS7/RPS14/RPL27/RPL7A/RPL7/RPS27/ISG20/RPS24/NOP53/RPS6/NSUN5/TBL3/DDX18/RPS16/NHP2/REXO1L1P/UTP6/NOL7/FBL/METTL15/RPL35A/RPS25/RNASEL",31
"GO:0035821","modulation of process of another organism","20/1545","124/18860",0.161290322580645,1.96889028082263,3.23339920592474,0.00258656955767353,0.0392623593627767,0.0338445188038265,"IFITM3/IFITM1/TRIM5/SLPI/CCL4/EP300/JUN/ST6GALNAC1/NOD2/CCL8/IGF2R/FBLN1/PRF1/TRIM8/CX3CR1/TRIM25/CCL5/FRK/CCL3/CHD1",20
"GO:0030101","natural killer cell activation","18/1545","107/18860",0.168224299065421,2.05353416205426,3.26450590785506,0.00258865031519285,0.0392623593627767,0.0338445188038265,"RPL13A/PBX1/HAVCR2/SLAMF7/MICA/FCGR3A/PTPRC/UNC13D/SNX27/BLOC1S6/CLEC12A/KLRD1/STAT5A/JAK2/FYN/CD2/CASP8/IL15",18
"GO:0071470","cellular response to osmotic stress","12/1545","59/18860",0.203389830508475,2.48280401513905,3.40746660844043,0.00262585007675747,0.0397195117793395,0.0342385884371772,"TSPO/CASP1/BAD/ATP1A1/USP15/ERRFI1/NLRP3/ARHGEF2/NLK/LRRC8C/AQP5/OXSR1",12
"GO:0000302","response to reactive oxygen species","29/1545","205/18860",0.141463414634146,1.72686084142395,3.12566838854264,0.00268717302349208,0.040371580817923,0.034800678010904,"STAT1/ROMO1/PRDX5/TXNIP/SLC8A1/EEF2/ABCC9/MB/KLF4/AKT1/MT3/NR4A3/SCGB1A1/STK25/GPX1/SOD2/RACK1/PPP2CB/CAMKK2/HBB/GSTP1/HIF1A/FYN/RHOB/PRDX2/GCH1/MAPT/ZNF277/MAP2K4",29
"GO:0043383","negative T cell selection","5/1545","13/18860",0.384615384615385,4.69504605426936,3.98091349768572,0.002697043009845,0.040371580817923,0.034800678010904,"PTPRC/SPN/DOCK2/GLI3/THEMIS",5
"GO:0046643","regulation of gamma-delta T cell activation","5/1545","13/18860",0.384615384615385,4.69504605426936,3.98091349768572,0.002697043009845,0.040371580817923,0.034800678010904,"LILRB1/PTPRC/NOD2/STAT5A/NCKAP1L",5
"GO:0043254","regulation of protein-containing complex assembly","53/1545","438/18860",0.121004566210046,1.47711722894593,3.0179086503648,0.00269765672428275,0.040371580817923,0.034800678010904,"WARS1/RPL13A/EIF2AK2/IFI16/GBP5/CLU/P2RX7/GBP2/LGALS3/CLEC7A/SLF2/EP300/CTTN/PLEK/CYRIB/FCHSD2/NOP53/PLEKHG2/ABCA1/PIK3R2/FNIP2/NLRP3/VILL/TLR6/GFAP/SSH1/RACK1/PPP2CB/STUB1/ALOX15/HCLS1/TPPP3/RICTOR/NAPB/CDC42EP3/NCKAP1L/DMTN/ARHGAP28/MSN/CARD8/MAPK15/SKA1/KANK2/KIF14/PREX1/MAPT/MTLN/NAPA/ISG15/LCP1/ABHD17A/ADD2/MEFV",53
"GO:0051345","positive regulation of hydrolase activity","19/1545","116/18860",0.163793103448276,1.99944202655954,3.22528271121428,0.00273453312277598,0.0408149015433964,0.0351828245979386,"DOCK8/FGFR3/NDEL1/SGSM3/PSENEN/RACK1/RGS1/EPHA2/PLXNB1/DOCK10/TBC1D30/PLIN5/SEMA4D/ODAM/CORO1C/ARHGAP11A/DOCK11/RASGRP2/TANK",19
"GO:0002455","humoral immune response mediated by circulating immunoglobulin","11/1545","52/18860",0.211538461538462,2.58227532984815,3.41290928386139,0.00282413418071479,0.0418194816707425,0.0360487820075727,"CLU/PTPRC/IGHA1/IGHA2/CD81/IGHG3/C1QC/IGHG4/CD55/C1QB/C2",11
"GO:0006120","mitochondrial electron transport, NADH to ubiquinone","11/1545","52/18860",0.211538461538462,2.58227532984815,3.41290928386139,0.00282413418071479,0.0418194816707425,0.0360487820075727,"NDUFV1/NDUFB10/NDUFB7/NDUFS6/NDUFC1/NDUFA2/NDUFS5/NDUFA3/NDUFB2/NDUFA9/NDUFC2",11
"GO:0045646","regulation of erythrocyte differentiation","11/1545","52/18860",0.211538461538462,2.58227532984815,3.41290928386139,0.00282413418071479,0.0418194816707425,0.0360487820075727,"STAT1/GLUL/P4HTM/STAT5A/INHBA/MED1/HIF1A/NCKAP1L/LYN/INPP5D/ISG15",11
"GO:0090205","positive regulation of cholesterol metabolic process","8/1545","31/18860",0.258064516129032,3.15022444931621,3.57901352125813,0.00284549312182818,0.0420251700696251,0.036226087319752,"KPNB1/CES1/AKT1/QKI/MBTPS1/SREBF1/STARD4/MBTPS2",8
"GO:0001960","negative regulation of cytokine-mediated signaling pathway","18/1545","108/18860",0.166666666666667,2.03451995685005,3.22061845922263,0.00287402310389525,0.0422248772992652,0.0363982368084356,"OAS3/PARP14/USP18/OAS1/CARD16/NAIP/STAT2/PTPRC/PPP2CB/SIGIRR/GSTP1/CARD8/NLRC5/CCL5/ECM1/STAP1/TANK/ISG15",18
"GO:0002709","regulation of T cell mediated immunity","18/1545","108/18860",0.166666666666667,2.03451995685005,3.22061845922263,0.00287402310389525,0.0422248772992652,0.0363982368084356,"CD274/RSAD2/LILRB4/P2RX7/LILRB1/CYRIB/CEACAM1/PTPRC/TNFRSF1B/USP5/NLRP3/KLRD1/CD81/SPN/CD55/NCKAP1L/CD80/UFL1",18
"GO:0032088","negative regulation of NF-kappaB transcription factor activity","10/1545","45/18860",0.222222222222222,2.71269327580007,3.43594388480617,0.0029620921806673,0.0432927083132855,0.0373187170704441,"HAVCR2/CMKLR1/TRIM21/COMMD6/AIM2/MTURN/NLRC5/ARRB1/BRMS1/UFL1",10
"GO:0032814","regulation of natural killer cell activation","10/1545","45/18860",0.222222222222222,2.71269327580007,3.43594388480617,0.0029620921806673,0.0432927083132855,0.0373187170704441,"RPL13A/HAVCR2/MICA/FCGR3A/BLOC1S6/CLEC12A/KLRD1/STAT5A/JAK2/IL15",10
"GO:0051656","establishment of organelle localization","49/1545","400/18860",0.1225,1.49537216828479,2.9912869361676,0.00298827972323041,0.0433914852638515,0.0374038637201888,"MX1/MX2/EZR/RPS15/KPNB1/CD84/BICD2/S100A13/SDC1/GAB2/CROCC/RAB17/TMED9/FCER1G/NR4A3/MILR1/LMNA/LIMK2/NDEL1/LIN7A/SDC4/MYO5A/UBXN2B/LMNB1/SDCBP/UNC13D/STK25/BLOC1S6/KIF1B/TMED10/STARD3NL/SYNJ1/LGALS9/LLGL1/BLOC1S1/HIF1A/UNC13C/BLOC1S4/SUN1/MAPK15/SKA1/CBL/ENKD1/LYN/MAPT/NUDC/EXOC8/BLOC1S5/BORCS7",49
"GO:0046632","alpha-beta T cell differentiation","22/1545","143/18860",0.153846153846154,1.87801842170774,3.14822563332341,0.00298879643680595,0.0433914852638515,0.0374038637201888,"RSAD2/LILRB4/ICOSLG/CD86/EP300/IRF1/STAT4/IL2RG/NLRP3/NFKBID/STAT5A/NKAP/LGALS9/SPN/CTSL/TMEM98/NCKAP1L/JAK2/GLI3/PRR7/CD80/CD69",22
"GO:0070229","negative regulation of lymphocyte apoptotic process","9/1545","38/18860",0.236842105263158,2.89115993868166,3.48577617652878,0.00299198441129809,0.0433914852638515,0.0374038637201888,"IDO1/DOCK8/MIF/HSH2D/EFNA1/HIF1A/PRKCQ/ORMDL3/CCL5",9
"GO:0042255","ribosome assembly","12/1545","60/18860",0.2,2.44142394822006,3.34041755997598,0.00304249264661786,0.044010555584881,0.0379375080925858,"RPS28/RPS15/RPS19/RPS14/FAU/RPS27/RPL38/NOP53/RPS6/RPSA/RPL24/DDX28",12
"GO:0030098","lymphocyte differentiation","53/1545","441/18860",0.120181405895692,1.46706881242249,2.96469119885188,0.0031135933049463,0.0449235628895714,0.0387245288777127,"RSAD2/TNFSF13B/PBX1/CLEC4E/LILRB4/BAD/LY6D/NFAM1/FCER1G/ICOSLG/CD86/EP300/IRF1/STAT4/PTPRC/IL2RG/JAG2/PIK3R2/NLRP3/NFKBID/RHOH/STAT5A/NKAP/LGALS9/IGHM/SLAMF8/IL2RA/SPN/INHBA/CTSL/DOCK2/TMEM98/NCKAP1L/JAK2/GLI3/CD2/DOCK10/PRDX2/VNN1/SLC25A5/PRR7/INPP5D/PREX1/CD80/CD69/ZEB1/ZBTB7A/DOCK11/THEMIS/IL15/BTN2A2/RUNX2/CD4",53
"GO:1901623","regulation of lymphocyte chemotaxis","7/1545","25/18860",0.28,3.41799352750809,3.61372125605704,0.00314544292035902,0.0451515492675005,0.0389210552551406,"CXCL10/CCL2/TNFSF14/CCL4/CCL5/CCL3/OXSR1",7
"GO:1903902","positive regulation of viral life cycle","7/1545","25/18860",0.28,3.41799352750809,3.61372125605704,0.00314544292035902,0.0451515492675005,0.0389210552551406,"TRIM38/BSG/TRIM21/P4HB/LGALS9/TMPRSS2/CD4",7
"GO:1903078","positive regulation of protein localization to plasma membrane","13/1545","68/18860",0.191176470588235,2.33371406815153,3.2911146432077,0.00315928446428867,0.0452348439708711,0.0389928560638601,"EZR/AGR2/CIB1/LGALS3/AKT1/PRKCH/RACK1/LRP1/EPHA2/ITGA3/LYN/PGRMC1/PTPN9",13
"GO:0060263","regulation of respiratory burst","6/1545","19/18860",0.31578947368421,3.85487991824221,3.71898987157094,0.0031951866212099,0.0454996096241402,0.0392210865185783,"RPS19/CLEC7A/IGHA1/IGHA2/INSR/SLAMF8",6
"GO:0071260","cellular response to mechanical stimulus","14/1545","76/18860",0.184210526315789,2.24867995230795,3.2581885990652,0.00319592169635223,0.0454996096241402,0.0392210865185783,"CASP1/DAG1/TLR8/BAD/TNFSF14/CASP5/IRF1/TLR3/GADD45A/PECAM1/FAS/CASP8/MAP2K4/TLR7",14
"GO:0031640","killing of cells of another organism","21/1545","135/18860",0.155555555555556,1.89888529306005,3.13092432028704,0.00321011996104206,0.0454996096241402,0.0392210865185783,"CXCL10/GBP1/CXCL11/CXCL9/ROMO1/GBP5/RPS19/RPL30/MICA/GBP2/MICB/LGALS3/NTS/APOL1/CCL8/PRF1/HTN3/SCNN1B/GSDMB/C2/HMGN2",21
"GO:0141061","disruption of cell in another organism","21/1545","135/18860",0.155555555555556,1.89888529306005,3.13092432028704,0.00321011996104206,0.0454996096241402,0.0392210865185783,"CXCL10/GBP1/CXCL11/CXCL9/ROMO1/GBP5/RPS19/RPL30/MICA/GBP2/MICB/LGALS3/NTS/APOL1/CCL8/PRF1/HTN3/SCNN1B/GSDMB/C2/HMGN2",21
